date,traffic_volume,congestion_index,accidents
2018-01-01,85837,0.72,2
2018-01-02,104797,0.87,4
2018-01-03,100383,0.84,4
2018-01-04,107370,0.89,4
2018-01-05,125744,1.0,1
2018-01-06,62982,0.52,4
2018-01-07,80669,0.67,1
2018-01-08,108550,0.9,1
2018-01-09,125422,1.0,5
2018-01-10,122989,1.0,0
2018-01-11,95557,0.8,2
2018-01-12,125403,1.0,0
2018-01-13,61330,0.51,5
2018-01-14,84898,0.71,3
2018-01-15,119863,1.0,1
2018-01-16,130874,1.0,4
2018-01-17,114546,0.95,4
2018-01-18,104558,0.87,3
2018-01-19,100706,0.84,5
2018-01-20,91682,0.76,5
2018-01-21,93577,0.78,2
2018-01-22,106977,0.89,1
2018-01-23,112249,0.94,3
2018-01-24,127269,1.0,3
2018-01-25,120614,1.0,3
2018-01-26,109908,0.92,1
2018-01-27,73923,0.62,1
2018-01-28,73270,0.61,1
2018-01-29,122678,1.0,1
2018-01-30,107890,0.9,0
2018-01-31,107446,0.9,3
2018-02-01,118853,0.99,0
2018-02-02,112903,0.94,2
2018-02-03,83116,0.69,3
2018-02-04,77408,0.65,1
2018-02-05,107905,0.9,5
2018-02-06,103774,0.86,5
2018-02-07,119940,1.0,1
2018-02-08,112953,0.94,1
2018-02-09,115283,0.96,0
2018-02-10,71842,0.6,1
2018-02-11,85566,0.71,3
2018-02-12,115495,0.96,4
2018-02-13,120179,1.0,3
2018-02-14,115866,0.97,5
2018-02-15,115203,0.96,2
2018-02-16,91614,0.76,3
2018-02-17,89102,0.74,1
2018-02-18,69436,0.58,3
2018-02-19,123615,1.0,3
2018-02-20,111185,0.93,0
2018-02-21,94005,0.78,4
2018-02-22,111035,0.93,5
2018-02-23,95197,0.79,3
2018-02-24,88864,0.74,5
2018-02-25,75874,0.63,2
2018-02-26,100339,0.84,3
2018-02-27,119401,1.0,4
2018-02-28,111526,0.93,5
2018-03-01,117826,0.98,4
2018-03-02,110724,0.92,4
2018-03-03,89253,0.74,4
2018-03-04,76788,0.64,4
2018-03-05,94350,0.79,5
2018-03-06,99744,0.83,5
2018-03-07,116874,0.97,0
2018-03-08,104633,0.87,4
2018-03-09,126374,1.0,0
2018-03-10,70635,0.59,3
2018-03-11,88146,0.73,3
2018-03-12,107150,0.89,0
2018-03-13,126644,1.0,1
2018-03-14,117663,0.98,4
2018-03-15,114156,0.95,4
2018-03-16,119441,1.0,3
2018-03-17,89813,0.75,5
2018-03-18,79594,0.66,0
2018-03-19,90978,0.76,4
2018-03-20,125441,1.0,3
2018-03-21,108962,0.91,4
2018-03-22,140671,1.0,5
2018-03-23,105250,0.88,0
2018-03-24,76954,0.64,1
2018-03-25,85956,0.72,2
2018-03-26,120530,1.0,3
2018-03-27,116733,0.97,3
2018-03-28,105729,0.88,2
2018-03-29,99006,0.83,2
2018-03-30,104417,0.87,3
2018-03-31,67867,0.57,1
2018-04-01,96508,0.8,3
2018-04-02,100524,0.84,2
2018-04-03,108707,0.91,4
2018-04-04,119755,1.0,0
2018-04-05,112058,0.93,5
2018-04-06,105377,0.88,4
2018-04-07,78811,0.66,1
2018-04-08,75131,0.63,3
2018-04-09,109150,0.91,5
2018-04-10,116374,0.97,3
2018-04-11,100389,0.84,0
2018-04-12,124101,1.0,5
2018-04-13,112814,0.94,4
2018-04-14,75332,0.63,0
2018-04-15,77475,0.65,1
2018-04-16,125075,1.0,4
2018-04-17,121166,1.0,5
2018-04-18,114688,0.96,4
2018-04-19,105275,0.88,1
2018-04-20,118364,0.99,3
2018-04-21,80113,0.67,3
2018-04-22,93965,0.78,2
2018-04-23,111579,0.93,3
2018-04-24,130859,1.0,0
2018-04-25,114182,0.95,1
2018-04-26,100387,0.84,3
2018-04-27,148923,1.0,4
2018-04-28,68424,0.57,5
2018-04-29,64186,0.53,1
2018-04-30,88763,0.74,3
2018-05-01,142684,1.0,0
2018-05-02,135789,1.0,2
2018-05-03,113613,0.95,2
2018-05-04,116862,0.97,5
2018-05-05,82007,0.68,5
2018-05-06,65835,0.55,5
2018-05-07,128339,1.0,1
2018-05-08,126872,1.0,5
2018-05-09,98212,0.82,5
2018-05-10,115648,0.96,0
2018-05-11,111178,0.93,0
2018-05-12,78311,0.65,0
2018-05-13,74567,0.62,5
2018-05-14,110742,0.92,3
2018-05-15,106099,0.88,5
2018-05-16,123920,1.0,2
2018-05-17,111690,0.93,0
2018-05-18,104243,0.87,4
2018-05-19,79798,0.66,5
2018-05-20,78870,0.66,3
2018-05-21,109946,0.92,5
2018-05-22,119583,1.0,4
2018-05-23,108902,0.91,4
2018-05-24,105604,0.88,1
2018-05-25,96767,0.81,3
2018-05-26,79931,0.67,4
2018-05-27,89963,0.75,3
2018-05-28,110613,0.92,0
2018-05-29,106380,0.89,1
2018-05-30,103519,0.86,2
2018-05-31,92693,0.77,4
2018-06-01,125176,1.0,5
2018-06-02,83878,0.7,1
2018-06-03,86157,0.72,1
2018-06-04,114812,0.96,1
2018-06-05,102980,0.86,1
2018-06-06,108451,0.9,5
2018-06-07,106394,0.89,0
2018-06-08,107331,0.89,3
2018-06-09,76714,0.64,2
2018-06-10,88838,0.74,2
2018-06-11,134643,1.0,5
2018-06-12,102231,0.85,3
2018-06-13,110105,0.92,2
2018-06-14,114428,0.95,5
2018-06-15,101019,0.84,1
2018-06-16,80422,0.67,0
2018-06-17,82813,0.69,1
2018-06-18,111126,0.93,1
2018-06-19,119023,0.99,0
2018-06-20,112004,0.93,4
2018-06-21,79903,0.67,2
2018-06-22,101242,0.84,0
2018-06-23,91459,0.76,3
2018-06-24,84162,0.7,3
2018-06-25,80067,0.67,3
2018-06-26,95086,0.79,4
2018-06-27,120084,1.0,0
2018-06-28,105547,0.88,4
2018-06-29,81735,0.68,3
2018-06-30,88475,0.74,1
2018-07-01,85791,0.71,1
2018-07-02,102712,0.86,4
2018-07-03,125944,1.0,5
2018-07-04,103136,0.86,3
2018-07-05,105023,0.88,3
2018-07-06,106560,0.89,3
2018-07-07,64836,0.54,3
2018-07-08,83302,0.69,0
2018-07-09,117825,0.98,4
2018-07-10,106864,0.89,4
2018-07-11,119910,1.0,0
2018-07-12,94179,0.78,1
2018-07-13,119684,1.0,4
2018-07-14,82603,0.69,2
2018-07-15,74474,0.62,4
2018-07-16,116638,0.97,5
2018-07-17,102126,0.85,4
2018-07-18,124377,1.0,1
2018-07-19,117903,0.98,0
2018-07-20,116073,0.97,1
2018-07-21,76301,0.64,1
2018-07-22,86201,0.72,0
2018-07-23,125482,1.0,5
2018-07-24,129997,1.0,2
2018-07-25,105893,0.88,0
2018-07-26,121168,1.0,1
2018-07-27,127629,1.0,0
2018-07-28,78056,0.65,5
2018-07-29,91243,0.76,4
2018-07-30,113779,0.95,4
2018-07-31,100591,0.84,2
2018-08-01,104048,0.87,2
2018-08-02,95834,0.8,0
2018-08-03,111564,0.93,0
2018-08-04,78719,0.66,0
2018-08-05,81507,0.68,3
2018-08-06,127251,1.0,1
2018-08-07,111816,0.93,1
2018-08-08,109008,0.91,5
2018-08-09,109766,0.91,2
2018-08-10,91242,0.76,4
2018-08-11,85468,0.71,5
2018-08-12,78794,0.66,5
2018-08-13,112900,0.94,5
2018-08-14,109751,0.91,4
2018-08-15,113427,0.95,4
2018-08-16,97308,0.81,4
2018-08-17,111988,0.93,1
2018-08-18,75168,0.63,3
2018-08-19,80279,0.67,5
2018-08-20,100632,0.84,4
2018-08-21,117360,0.98,2
2018-08-22,112240,0.94,0
2018-08-23,97491,0.81,0
2018-08-24,122599,1.0,2
2018-08-25,75885,0.63,2
2018-08-26,77131,0.64,2
2018-08-27,120940,1.0,3
2018-08-28,124022,1.0,0
2018-08-29,106782,0.89,3
2018-08-30,113249,0.94,4
2018-08-31,119638,1.0,0
2018-09-01,90106,0.75,2
2018-09-02,80709,0.67,3
2018-09-03,117283,0.98,1
2018-09-04,101764,0.85,0
2018-09-05,95062,0.79,5
2018-09-06,118215,0.99,2
2018-09-07,102962,0.86,2
2018-09-08,72605,0.61,4
2018-09-09,85131,0.71,3
2018-09-10,110349,0.92,4
2018-09-11,114549,0.95,1
2018-09-12,97628,0.81,5
2018-09-13,101796,0.85,1
2018-09-14,130263,1.0,4
2018-09-15,74736,0.62,0
2018-09-16,78374,0.65,0
2018-09-17,114658,0.96,4
2018-09-18,100016,0.83,5
2018-09-19,127151,1.0,5
2018-09-20,112084,0.93,4
2018-09-21,109352,0.91,0
2018-09-22,88545,0.74,3
2018-09-23,87294,0.73,5
2018-09-24,134030,1.0,5
2018-09-25,107105,0.89,4
2018-09-26,136565,1.0,5
2018-09-27,119237,0.99,2
2018-09-28,130933,1.0,3
2018-09-29,87886,0.73,4
2018-09-30,74864,0.62,2
2018-10-01,71864,0.6,2
2018-10-02,64256,0.54,4
2018-10-03,62637,0.52,4
2018-10-04,73600,0.61,4
2018-10-05,88333,0.74,2
2018-10-06,53210,0.44,1
2018-10-07,52212,0.44,4
2018-10-08,119836,1.0,4
2018-10-09,102351,0.85,3
2018-10-10,132614,1.0,4
2018-10-11,109069,0.91,5
2018-10-12,122424,1.0,5
2018-10-13,78399,0.65,3
2018-10-14,80197,0.67,3
2018-10-15,124623,1.0,1
2018-10-16,114569,0.95,4
2018-10-17,128730,1.0,1
2018-10-18,103227,0.86,5
2018-10-19,97451,0.81,2
2018-10-20,66005,0.55,1
2018-10-21,90040,0.75,0
2018-10-22,122098,1.0,0
2018-10-23,109025,0.91,0
2018-10-24,115346,0.96,3
2018-10-25,123978,1.0,5
2018-10-26,109869,0.92,0
2018-10-27,65920,0.55,5
2018-10-28,66022,0.55,1
2018-10-29,99740,0.83,4
2018-10-30,113145,0.94,3
2018-10-31,101454,0.85,3
2018-11-01,123575,1.0,0
2018-11-02,97736,0.81,2
2018-11-03,74452,0.62,2
2018-11-04,65429,0.55,4
2018-11-05,107014,0.89,5
2018-11-06,112080,0.93,1
2018-11-07,124071,1.0,0
2018-11-08,113344,0.94,5
2018-11-09,120298,1.0,1
2018-11-10,88041,0.73,5
2018-11-11,83138,0.69,2
2018-11-12,101958,0.85,2
2018-11-13,116532,0.97,0
2018-11-14,128663,1.0,2
2018-11-15,108473,0.9,2
2018-11-16,118212,0.99,4
2018-11-17,84231,0.7,4
2018-11-18,77048,0.64,2
2018-11-19,122498,1.0,0
2018-11-20,107691,0.9,0
2018-11-21,117074,0.98,5
2018-11-22,109319,0.91,2
2018-11-23,112489,0.94,2
2018-11-24,87469,0.73,3
2018-11-25,64424,0.54,5
2018-11-26,118910,0.99,4
2018-11-27,119920,1.0,4
2018-11-28,105561,0.88,0
2018-11-29,111649,0.93,1
2018-11-30,101066,0.84,1
2018-12-01,73608,0.61,2
2018-12-02,82168,0.68,2
2018-12-03,141402,1.0,5
2018-12-04,119436,1.0,3
2018-12-05,102499,0.85,3
2018-12-06,120689,1.0,0
2018-12-07,118506,0.99,5
2018-12-08,66185,0.55,1
2018-12-09,77473,0.65,3
2018-12-10,110403,0.92,1
2018-12-11,113323,0.94,5
2018-12-12,111647,0.93,3
2018-12-13,113655,0.95,4
2018-12-14,101526,0.85,2
2018-12-15,77399,0.64,3
2018-12-16,77874,0.65,3
2018-12-17,124992,1.0,5
2018-12-18,104188,0.87,0
2018-12-19,109262,0.91,4
2018-12-20,108013,0.9,2
2018-12-21,129779,1.0,4
2018-12-22,85321,0.71,5
2018-12-23,72530,0.6,5
2018-12-24,116451,0.97,2
2018-12-25,100670,0.84,4
2018-12-26,114918,0.96,4
2018-12-27,127300,1.0,0
2018-12-28,90089,0.75,1
2018-12-29,71934,0.6,4
2018-12-30,81247,0.68,5
2018-12-31,107565,0.9,2
2019-01-01,80077,0.67,2
2019-01-02,111067,0.93,0
2019-01-03,93175,0.78,1
2019-01-04,118966,0.99,2
2019-01-05,69321,0.58,0
2019-01-06,81644,0.68,2
2019-01-07,106910,0.89,3
2019-01-08,138892,1.0,5
2019-01-09,110646,0.92,4
2019-01-10,115931,0.97,1
2019-01-11,118204,0.99,4
2019-01-12,82701,0.69,4
2019-01-13,79787,0.66,3
2019-01-14,100906,0.84,1
2019-01-15,110748,0.92,4
2019-01-16,91102,0.76,0
2019-01-17,117461,0.98,2
2019-01-18,144709,1.0,5
2019-01-19,81414,0.68,2
2019-01-20,82716,0.69,5
2019-01-21,94619,0.79,0
2019-01-22,102861,0.86,2
2019-01-23,122022,1.0,3
2019-01-24,95790,0.8,0
2019-01-25,103847,0.87,3
2019-01-26,84543,0.7,1
2019-01-27,86473,0.72,2
2019-01-28,110778,0.92,3
2019-01-29,113374,0.94,2
2019-01-30,113348,0.94,1
2019-01-31,98186,0.82,4
2019-02-01,111179,0.93,2
2019-02-02,81935,0.68,1
2019-02-03,79293,0.66,0
2019-02-04,90434,0.75,2
2019-02-05,129199,1.0,0
2019-02-06,99754,0.83,1
2019-02-07,112808,0.94,0
2019-02-08,115604,0.96,3
2019-02-09,76361,0.64,4
2019-02-10,81956,0.68,0
2019-02-11,103317,0.86,3
2019-02-12,136048,1.0,4
2019-02-13,109082,0.91,1
2019-02-14,122069,1.0,1
2019-02-15,99763,0.83,2
2019-02-16,85770,0.71,3
2019-02-17,74262,0.62,5
2019-02-18,96397,0.8,4
2019-02-19,100071,0.83,2
2019-02-20,102503,0.85,2
2019-02-21,113248,0.94,1
2019-02-22,144209,1.0,0
2019-02-23,101885,0.85,4
2019-02-24,77425,0.65,5
2019-02-25,122745,1.0,1
2019-02-26,97958,0.82,1
2019-02-27,88435,0.74,5
2019-02-28,112343,0.94,0
2019-03-01,118118,0.98,3
2019-03-02,86266,0.72,3
2019-03-03,88638,0.74,5
2019-03-04,108299,0.9,4
2019-03-05,112807,0.94,0
2019-03-06,121198,1.0,0
2019-03-07,125367,1.0,2
2019-03-08,101840,0.85,0
2019-03-09,81685,0.68,5
2019-03-10,85196,0.71,4
2019-03-11,113653,0.95,0
2019-03-12,105033,0.88,2
2019-03-13,112035,0.93,3
2019-03-14,117933,0.98,0
2019-03-15,103481,0.86,0
2019-03-16,70422,0.59,4
2019-03-17,96476,0.8,5
2019-03-18,114100,0.95,5
2019-03-19,122510,1.0,2
2019-03-20,114346,0.95,0
2019-03-21,123764,1.0,4
2019-03-22,112887,0.94,2
2019-03-23,84697,0.71,5
2019-03-24,71124,0.59,1
2019-03-25,92231,0.77,2
2019-03-26,106663,0.89,1
2019-03-27,96031,0.8,1
2019-03-28,88290,0.74,2
2019-03-29,115380,0.96,2
2019-03-30,65845,0.55,4
2019-03-31,87596,0.73,2
2019-04-01,128141,1.0,3
2019-04-02,95839,0.8,5
2019-04-03,115233,0.96,0
2019-04-04,132809,1.0,2
2019-04-05,106714,0.89,1
2019-04-06,84887,0.71,1
2019-04-07,99143,0.83,2
2019-04-08,93216,0.78,0
2019-04-09,100584,0.84,0
2019-04-10,118318,0.99,4
2019-04-11,136331,1.0,4
2019-04-12,104034,0.87,4
2019-04-13,99486,0.83,0
2019-04-14,81056,0.68,1
2019-04-15,89967,0.75,4
2019-04-16,129813,1.0,2
2019-04-17,106807,0.89,4
2019-04-18,117023,0.98,2
2019-04-19,93417,0.78,2
2019-04-20,73974,0.62,1
2019-04-21,68025,0.57,5
2019-04-22,94046,0.78,2
2019-04-23,113098,0.94,4
2019-04-24,118348,0.99,1
2019-04-25,105876,0.88,1
2019-04-26,95904,0.8,0
2019-04-27,69791,0.58,2
2019-04-28,82973,0.69,4
2019-04-29,113240,0.94,2
2019-04-30,116346,0.97,4
2019-05-01,129454,1.0,3
2019-05-02,118444,0.99,0
2019-05-03,116581,0.97,1
2019-05-04,98950,0.82,0
2019-05-05,77802,0.65,3
2019-05-06,138697,1.0,5
2019-05-07,127947,1.0,0
2019-05-08,108663,0.91,0
2019-05-09,121014,1.0,3
2019-05-10,109590,0.91,0
2019-05-11,68509,0.57,0
2019-05-12,79936,0.67,3
2019-05-13,95568,0.8,3
2019-05-14,114609,0.96,1
2019-05-15,120965,1.0,5
2019-05-16,109571,0.91,4
2019-05-17,114587,0.95,4
2019-05-18,81715,0.68,5
2019-05-19,86755,0.72,5
2019-05-20,113002,0.94,5
2019-05-21,108475,0.9,3
2019-05-22,120948,1.0,4
2019-05-23,113776,0.95,2
2019-05-24,88082,0.73,2
2019-05-25,77198,0.64,2
2019-05-26,75863,0.63,1
2019-05-27,113652,0.95,5
2019-05-28,112448,0.94,5
2019-05-29,90156,0.75,4
2019-05-30,95293,0.79,0
2019-05-31,101328,0.84,3
2019-06-01,80516,0.67,4
2019-06-02,88591,0.74,1
2019-06-03,94039,0.78,0
2019-06-04,104472,0.87,5
2019-06-05,111457,0.93,3
2019-06-06,101568,0.85,0
2019-06-07,112979,0.94,3
2019-06-08,85122,0.71,2
2019-06-09,73946,0.62,5
2019-06-10,115669,0.96,5
2019-06-11,110717,0.92,5
2019-06-12,99130,0.83,3
2019-06-13,110422,0.92,3
2019-06-14,117115,0.98,1
2019-06-15,91310,0.76,1
2019-06-16,93154,0.78,1
2019-06-17,105642,0.88,4
2019-06-18,104967,0.87,2
2019-06-19,112452,0.94,2
2019-06-20,105922,0.88,3
2019-06-21,125586,1.0,1
2019-06-22,80806,0.67,5
2019-06-23,80442,0.67,5
2019-06-24,119205,0.99,2
2019-06-25,113790,0.95,2
2019-06-26,115419,0.96,3
2019-06-27,114948,0.96,3
2019-06-28,110380,0.92,0
2019-06-29,72780,0.61,0
2019-06-30,94072,0.78,3
2019-07-01,101856,0.85,0
2019-07-02,130527,1.0,2
2019-07-03,115824,0.97,3
2019-07-04,105262,0.88,3
2019-07-05,118214,0.99,1
2019-07-06,86287,0.72,2
2019-07-07,93746,0.78,2
2019-07-08,97265,0.81,4
2019-07-09,110432,0.92,4
2019-07-10,127425,1.0,1
2019-07-11,120361,1.0,4
2019-07-12,117443,0.98,0
2019-07-13,91828,0.77,3
2019-07-14,78560,0.65,5
2019-07-15,85142,0.71,0
2019-07-16,107895,0.9,2
2019-07-17,134532,1.0,4
2019-07-18,115343,0.96,5
2019-07-19,102565,0.85,0
2019-07-20,90673,0.76,2
2019-07-21,86759,0.72,4
2019-07-22,113647,0.95,3
2019-07-23,118553,0.99,3
2019-07-24,100607,0.84,4
2019-07-25,107944,0.9,3
2019-07-26,111273,0.93,1
2019-07-27,88793,0.74,4
2019-07-28,75610,0.63,1
2019-07-29,111712,0.93,4
2019-07-30,128139,1.0,1
2019-07-31,140272,1.0,3
2019-08-01,102249,0.85,3
2019-08-02,113568,0.95,0
2019-08-03,67936,0.57,2
2019-08-04,79884,0.67,1
2019-08-05,108751,0.91,5
2019-08-06,126012,1.0,4
2019-08-07,98863,0.82,3
2019-08-08,97328,0.81,3
2019-08-09,129034,1.0,4
2019-08-10,74935,0.62,2
2019-08-11,81579,0.68,4
2019-08-12,115304,0.96,5
2019-08-13,103182,0.86,1
2019-08-14,103194,0.86,1
2019-08-15,124621,1.0,5
2019-08-16,119583,1.0,5
2019-08-17,79875,0.67,0
2019-08-18,78906,0.66,5
2019-08-19,115546,0.96,5
2019-08-20,116281,0.97,4
2019-08-21,126125,1.0,3
2019-08-22,111766,0.93,0
2019-08-23,116961,0.97,4
2019-08-24,85745,0.71,4
2019-08-25,85886,0.72,3
2019-08-26,128237,1.0,2
2019-08-27,111859,0.93,4
2019-08-28,105662,0.88,0
2019-08-29,107991,0.9,3
2019-08-30,119177,0.99,1
2019-08-31,79135,0.66,2
2019-09-01,98294,0.82,3
2019-09-02,112141,0.93,0
2019-09-03,101305,0.84,4
2019-09-04,115614,0.96,0
2019-09-05,129235,1.0,5
2019-09-06,102863,0.86,4
2019-09-07,73243,0.61,3
2019-09-08,78505,0.65,2
2019-09-09,104766,0.87,3
2019-09-10,96878,0.81,5
2019-09-11,94743,0.79,5
2019-09-12,114603,0.96,0
2019-09-13,120008,1.0,0
2019-09-14,74391,0.62,1
2019-09-15,79436,0.66,1
2019-09-16,114072,0.95,4
2019-09-17,99621,0.83,5
2019-09-18,121619,1.0,0
2019-09-19,114373,0.95,1
2019-09-20,117874,0.98,5
2019-09-21,85440,0.71,1
2019-09-22,99406,0.83,3
2019-09-23,100525,0.84,4
2019-09-24,102001,0.85,2
2019-09-25,130849,1.0,3
2019-09-26,119305,0.99,4
2019-09-27,112773,0.94,4
2019-09-28,76175,0.63,3
2019-09-29,78145,0.65,1
2019-09-30,109620,0.91,1
2019-10-01,66679,0.56,5
2019-10-02,86030,0.72,2
2019-10-03,62636,0.52,2
2019-10-04,71743,0.6,4
2019-10-05,53582,0.45,5
2019-10-06,68004,0.57,2
2019-10-07,77610,0.65,3
2019-10-08,115544,0.96,5
2019-10-09,102172,0.85,2
2019-10-10,121730,1.0,0
2019-10-11,145061,1.0,4
2019-10-12,83932,0.7,0
2019-10-13,77316,0.64,4
2019-10-14,89245,0.74,4
2019-10-15,119769,1.0,3
2019-10-16,100957,0.84,1
2019-10-17,103535,0.86,2
2019-10-18,122435,1.0,0
2019-10-19,76211,0.64,2
2019-10-20,79247,0.66,4
2019-10-21,120398,1.0,0
2019-10-22,104092,0.87,0
2019-10-23,97564,0.81,5
2019-10-24,117200,0.98,4
2019-10-25,120449,1.0,2
2019-10-26,75379,0.63,0
2019-10-27,74983,0.62,2
2019-10-28,99679,0.83,0
2019-10-29,119991,1.0,1
2019-10-30,133492,1.0,3
2019-10-31,122433,1.0,5
2019-11-01,110979,0.92,4
2019-11-02,85732,0.71,3
2019-11-03,73346,0.61,5
2019-11-04,116126,0.97,2
2019-11-05,99845,0.83,5
2019-11-06,110632,0.92,3
2019-11-07,124048,1.0,3
2019-11-08,121095,1.0,3
2019-11-09,84548,0.7,3
2019-11-10,83330,0.69,4
2019-11-11,103755,0.86,1
2019-11-12,113596,0.95,5
2019-11-13,120773,1.0,1
2019-11-14,109277,0.91,3
2019-11-15,109709,0.91,1
2019-11-16,76238,0.64,1
2019-11-17,77720,0.65,4
2019-11-18,103339,0.86,3
2019-11-19,112270,0.94,2
2019-11-20,108413,0.9,3
2019-11-21,95488,0.8,1
2019-11-22,141131,1.0,2
2019-11-23,71701,0.6,5
2019-11-24,78922,0.66,1
2019-11-25,112685,0.94,1
2019-11-26,106009,0.88,0
2019-11-27,110995,0.92,0
2019-11-28,102832,0.86,5
2019-11-29,120144,1.0,0
2019-11-30,79822,0.67,1
2019-12-01,85747,0.71,5
2019-12-02,128463,1.0,3
2019-12-03,108850,0.91,5
2019-12-04,120663,1.0,3
2019-12-05,129207,1.0,1
2019-12-06,110617,0.92,0
2019-12-07,85529,0.71,1
2019-12-08,76278,0.64,5
2019-12-09,125409,1.0,3
2019-12-10,106402,0.89,3
2019-12-11,119874,1.0,5
2019-12-12,123145,1.0,4
2019-12-13,98795,0.82,3
2019-12-14,74666,0.62,4
2019-12-15,74343,0.62,1
2019-12-16,124095,1.0,3
2019-12-17,98836,0.82,4
2019-12-18,115648,0.96,3
2019-12-19,120137,1.0,4
2019-12-20,113897,0.95,3
2019-12-21,90198,0.75,3
2019-12-22,64603,0.54,2
2019-12-23,118809,0.99,1
2019-12-24,109964,0.92,1
2019-12-25,95143,0.79,3
2019-12-26,99892,0.83,4
2019-12-27,129529,1.0,0
2019-12-28,85058,0.71,4
2019-12-29,86415,0.72,3
2019-12-30,122740,1.0,5
2019-12-31,96804,0.81,1
2020-01-01,80327,0.67,5
2020-01-02,124302,1.0,4
2020-01-03,107491,0.9,2
2020-01-04,90900,0.76,3
2020-01-05,75099,0.63,4
2020-01-06,113397,0.94,4
2020-01-07,116452,0.97,2
2020-01-08,120452,1.0,0
2020-01-09,108777,0.91,0
2020-01-10,123336,1.0,4
2020-01-11,83424,0.7,3
2020-01-12,66890,0.56,5
2020-01-13,132570,1.0,2
2020-01-14,101272,0.84,0
2020-01-15,133493,1.0,4
2020-01-16,110234,0.92,3
2020-01-17,108148,0.9,5
2020-01-18,83194,0.69,0
2020-01-19,74411,0.62,1
2020-01-20,90878,0.76,5
2020-01-21,110776,0.92,5
2020-01-22,116201,0.97,4
2020-01-23,129223,1.0,2
2020-01-24,98657,0.82,3
2020-01-25,84642,0.71,4
2020-01-26,79169,0.66,0
2020-01-27,112370,0.94,4
2020-01-28,122887,1.0,4
2020-01-29,106272,0.89,0
2020-01-30,113876,0.95,1
2020-01-31,124207,1.0,3
2020-02-01,88237,0.74,5
2020-02-02,70238,0.59,5
2020-02-03,105135,0.88,5
2020-02-04,110390,0.92,5
2020-02-05,121116,1.0,0
2020-02-06,109187,0.91,5
2020-02-07,112927,0.94,5
2020-02-08,90002,0.75,4
2020-02-09,77291,0.64,4
2020-02-10,128499,1.0,2
2020-02-11,94019,0.78,4
2020-02-12,107601,0.9,0
2020-02-13,96710,0.81,2
2020-02-14,113307,0.94,4
2020-02-15,86008,0.72,0
2020-02-16,78710,0.66,3
2020-02-17,106686,0.89,3
2020-02-18,96772,0.81,4
2020-02-19,130831,1.0,3
2020-02-20,111749,0.93,4
2020-02-21,106936,0.89,5
2020-02-22,92500,0.77,2
2020-02-23,77184,0.64,3
2020-02-24,101804,0.85,2
2020-02-25,104045,0.87,2
2020-02-26,102399,0.85,2
2020-02-27,100060,0.83,1
2020-02-28,104234,0.87,0
2020-02-29,99320,0.83,5
2020-03-01,70801,0.59,4
2020-03-02,95288,0.79,5
2020-03-03,115114,0.96,2
2020-03-04,111149,0.93,5
2020-03-05,119392,0.99,4
2020-03-06,105794,0.88,2
2020-03-07,73052,0.61,0
2020-03-08,93390,0.78,5
2020-03-09,93949,0.78,3
2020-03-10,116039,0.97,4
2020-03-11,119731,1.0,1
2020-03-12,121203,1.0,4
2020-03-13,108602,0.91,0
2020-03-14,70014,0.58,5
2020-03-15,91996,0.77,2
2020-03-16,107010,0.89,5
2020-03-17,129136,1.0,4
2020-03-18,116122,0.97,0
2020-03-19,106580,0.89,2
2020-03-20,116407,0.97,3
2020-03-21,89206,0.74,0
2020-03-22,80657,0.67,1
2020-03-23,103739,0.86,4
2020-03-24,91979,0.77,0
2020-03-25,107248,0.89,2
2020-03-26,121046,1.0,2
2020-03-27,100684,0.84,1
2020-03-28,85449,0.71,4
2020-03-29,80226,0.67,2
2020-03-30,120350,1.0,2
2020-03-31,85801,0.72,2
2020-04-01,96092,0.8,0
2020-04-02,106819,0.89,5
2020-04-03,132902,1.0,0
2020-04-04,73966,0.62,4
2020-04-05,78986,0.66,1
2020-04-06,136088,1.0,4
2020-04-07,116801,0.97,5
2020-04-08,121628,1.0,1
2020-04-09,104806,0.87,5
2020-04-10,125205,1.0,3
2020-04-11,90651,0.76,2
2020-04-12,84013,0.7,1
2020-04-13,111037,0.93,2
2020-04-14,118266,0.99,5
2020-04-15,93792,0.78,1
2020-04-16,124193,1.0,3
2020-04-17,102490,0.85,1
2020-04-18,77771,0.65,4
2020-04-19,90540,0.75,0
2020-04-20,124293,1.0,2
2020-04-21,93843,0.78,0
2020-04-22,101390,0.84,1
2020-04-23,119169,0.99,4
2020-04-24,92519,0.77,1
2020-04-25,91355,0.76,3
2020-04-26,80943,0.67,3
2020-04-27,127825,1.0,3
2020-04-28,103657,0.86,1
2020-04-29,104651,0.87,5
2020-04-30,123583,1.0,3
2020-05-01,108681,0.91,5
2020-05-02,70073,0.58,5
2020-05-03,84492,0.7,1
2020-05-04,94165,0.78,1
2020-05-05,128152,1.0,4
2020-05-06,114063,0.95,5
2020-05-07,102036,0.85,2
2020-05-08,124826,1.0,0
2020-05-09,89302,0.74,5
2020-05-10,80030,0.67,2
2020-05-11,137485,1.0,0
2020-05-12,137226,1.0,0
2020-05-13,115622,0.96,1
2020-05-14,123933,1.0,3
2020-05-15,126659,1.0,3
2020-05-16,70921,0.59,3
2020-05-17,82294,0.69,2
2020-05-18,104363,0.87,3
2020-05-19,102784,0.86,5
2020-05-20,113362,0.94,4
2020-05-21,114204,0.95,1
2020-05-22,93945,0.78,3
2020-05-23,82750,0.69,5
2020-05-24,77992,0.65,5
2020-05-25,127657,1.0,3
2020-05-26,125022,1.0,3
2020-05-27,102413,0.85,2
2020-05-28,126703,1.0,1
2020-05-29,118003,0.98,4
2020-05-30,78254,0.65,3
2020-05-31,75903,0.63,0
2020-06-01,99146,0.83,2
2020-06-02,98358,0.82,3
2020-06-03,91536,0.76,3
2020-06-04,112234,0.94,5
2020-06-05,88927,0.74,2
2020-06-06,73068,0.61,4
2020-06-07,85255,0.71,5
2020-06-08,128725,1.0,0
2020-06-09,99138,0.83,0
2020-06-10,118828,0.99,4
2020-06-11,108532,0.9,5
2020-06-12,106218,0.89,2
2020-06-13,81237,0.68,3
2020-06-14,74761,0.62,4
2020-06-15,111057,0.93,5
2020-06-16,112794,0.94,2
2020-06-17,124999,1.0,2
2020-06-18,127428,1.0,2
2020-06-19,105296,0.88,2
2020-06-20,77840,0.65,0
2020-06-21,86434,0.72,2
2020-06-22,109973,0.92,5
2020-06-23,120000,1.0,4
2020-06-24,122105,1.0,3
2020-06-25,123415,1.0,3
2020-06-26,112983,0.94,5
2020-06-27,70692,0.59,5
2020-06-28,78657,0.66,1
2020-06-29,106318,0.89,5
2020-06-30,120704,1.0,5
2020-07-01,129085,1.0,4
2020-07-02,129401,1.0,1
2020-07-03,121918,1.0,4
2020-07-04,72522,0.6,2
2020-07-05,91225,0.76,5
2020-07-06,116777,0.97,5
2020-07-07,102762,0.86,1
2020-07-08,121654,1.0,2
2020-07-09,109524,0.91,4
2020-07-10,90165,0.75,0
2020-07-11,72158,0.6,5
2020-07-12,79477,0.66,0
2020-07-13,110827,0.92,0
2020-07-14,100073,0.83,0
2020-07-15,120412,1.0,3
2020-07-16,117821,0.98,0
2020-07-17,95919,0.8,4
2020-07-18,101067,0.84,0
2020-07-19,70283,0.59,5
2020-07-20,106873,0.89,3
2020-07-21,116205,0.97,2
2020-07-22,106909,0.89,1
2020-07-23,128288,1.0,5
2020-07-24,110037,0.92,2
2020-07-25,72626,0.61,2
2020-07-26,84916,0.71,1
2020-07-27,79527,0.66,0
2020-07-28,117979,0.98,0
2020-07-29,126447,1.0,4
2020-07-30,86165,0.72,0
2020-07-31,107475,0.9,0
2020-08-01,66831,0.56,4
2020-08-02,80105,0.67,5
2020-08-03,137127,1.0,1
2020-08-04,114568,0.95,4
2020-08-05,109552,0.91,5
2020-08-06,80367,0.67,0
2020-08-07,99611,0.83,5
2020-08-08,78936,0.66,0
2020-08-09,80745,0.67,0
2020-08-10,115843,0.97,4
2020-08-11,120603,1.0,1
2020-08-12,101857,0.85,3
2020-08-13,112449,0.94,5
2020-08-14,106441,0.89,5
2020-08-15,72493,0.6,4
2020-08-16,73025,0.61,1
2020-08-17,118058,0.98,0
2020-08-18,83281,0.69,5
2020-08-19,91223,0.76,1
2020-08-20,147473,1.0,2
2020-08-21,104558,0.87,2
2020-08-22,91751,0.76,3
2020-08-23,79483,0.66,5
2020-08-24,105710,0.88,0
2020-08-25,119361,0.99,5
2020-08-26,112903,0.94,3
2020-08-27,109994,0.92,2
2020-08-28,111507,0.93,3
2020-08-29,83152,0.69,5
2020-08-30,74494,0.62,5
2020-08-31,106603,0.89,2
2020-09-01,101052,0.84,2
2020-09-02,98476,0.82,1
2020-09-03,132721,1.0,0
2020-09-04,101850,0.85,2
2020-09-05,87989,0.73,0
2020-09-06,77153,0.64,3
2020-09-07,118053,0.98,3
2020-09-08,111979,0.93,2
2020-09-09,91938,0.77,0
2020-09-10,112324,0.94,2
2020-09-11,118784,0.99,2
2020-09-12,72360,0.6,1
2020-09-13,98574,0.82,3
2020-09-14,121097,1.0,0
2020-09-15,121195,1.0,3
2020-09-16,122384,1.0,1
2020-09-17,85859,0.72,4
2020-09-18,119894,1.0,3
2020-09-19,98209,0.82,1
2020-09-20,86075,0.72,5
2020-09-21,109057,0.91,3
2020-09-22,99508,0.83,0
2020-09-23,98427,0.82,1
2020-09-24,97082,0.81,4
2020-09-25,107515,0.9,3
2020-09-26,71455,0.6,1
2020-09-27,78784,0.66,4
2020-09-28,114284,0.95,5
2020-09-29,92738,0.77,0
2020-09-30,103431,0.86,3
2020-10-01,73860,0.62,5
2020-10-02,73639,0.61,2
2020-10-03,56100,0.47,0
2020-10-04,56699,0.47,0
2020-10-05,75074,0.63,0
2020-10-06,73128,0.61,0
2020-10-07,78238,0.65,4
2020-10-08,128154,1.0,5
2020-10-09,95699,0.8,2
2020-10-10,89053,0.74,3
2020-10-11,66931,0.56,0
2020-10-12,116053,0.97,3
2020-10-13,123756,1.0,1
2020-10-14,97177,0.81,5
2020-10-15,115929,0.97,5
2020-10-16,100282,0.84,0
2020-10-17,89363,0.74,0
2020-10-18,67199,0.56,5
2020-10-19,102004,0.85,3
2020-10-20,113471,0.95,2
2020-10-21,119969,1.0,1
2020-10-22,113038,0.94,5
2020-10-23,117546,0.98,2
2020-10-24,75606,0.63,3
2020-10-25,71271,0.59,4
2020-10-26,128404,1.0,0
2020-10-27,117586,0.98,4
2020-10-28,106537,0.89,5
2020-10-29,93478,0.78,3
2020-10-30,125700,1.0,3
2020-10-31,90115,0.75,3
2020-11-01,78260,0.65,3
2020-11-02,104601,0.87,5
2020-11-03,109096,0.91,0
2020-11-04,109639,0.91,4
2020-11-05,120619,1.0,1
2020-11-06,99256,0.83,0
2020-11-07,75331,0.63,3
2020-11-08,78531,0.65,5
2020-11-09,114894,0.96,3
2020-11-10,121703,1.0,0
2020-11-11,115483,0.96,4
2020-11-12,131624,1.0,4
2020-11-13,100895,0.84,2
2020-11-14,91693,0.76,2
2020-11-15,72369,0.6,5
2020-11-16,107573,0.9,2
2020-11-17,116337,0.97,3
2020-11-18,125192,1.0,0
2020-11-19,107591,0.9,5
2020-11-20,116396,0.97,5
2020-11-21,77475,0.65,0
2020-11-22,61635,0.51,2
2020-11-23,111570,0.93,4
2020-11-24,98095,0.82,2
2020-11-25,126241,1.0,0
2020-11-26,126318,1.0,3
2020-11-27,102637,0.86,2
2020-11-28,72082,0.6,5
2020-11-29,74968,0.62,1
2020-11-30,117963,0.98,1
2020-12-01,118007,0.98,4
2020-12-02,150000,1.0,0
2020-12-03,108543,0.9,3
2020-12-04,113023,0.94,5
2020-12-05,95454,0.8,1
2020-12-06,82291,0.69,2
2020-12-07,99814,0.83,5
2020-12-08,115830,0.97,3
2020-12-09,119894,1.0,0
2020-12-10,108173,0.9,5
2020-12-11,120907,1.0,5
2020-12-12,85650,0.71,2
2020-12-13,76332,0.64,3
2020-12-14,129379,1.0,0
2020-12-15,103224,0.86,5
2020-12-16,116898,0.97,3
2020-12-17,105256,0.88,5
2020-12-18,93039,0.78,1
2020-12-19,82867,0.69,1
2020-12-20,95435,0.8,0
2020-12-21,111397,0.93,1
2020-12-22,95274,0.79,0
2020-12-23,114487,0.95,5
2020-12-24,102831,0.86,4
2020-12-25,123802,1.0,1
2020-12-26,78171,0.65,3
2020-12-27,65820,0.55,3
2020-12-28,117695,0.98,0
2020-12-29,114339,0.95,4
2020-12-30,108641,0.91,5
2020-12-31,100365,0.84,2
2021-01-01,92427,0.77,3
2021-01-02,76385,0.64,4
2021-01-03,87177,0.73,3
2021-01-04,106811,0.89,0
2021-01-05,119625,1.0,0
2021-01-06,112599,0.94,2
2021-01-07,112314,0.94,0
2021-01-08,102743,0.86,2
2021-01-09,84225,0.7,5
2021-01-10,91241,0.76,0
2021-01-11,100415,0.84,3
2021-01-12,102678,0.86,0
2021-01-13,144979,1.0,1
2021-01-14,100782,0.84,5
2021-01-15,105789,0.88,5
2021-01-16,91070,0.76,4
2021-01-17,91311,0.76,3
2021-01-18,84805,0.71,5
2021-01-19,120573,1.0,4
2021-01-20,109816,0.92,1
2021-01-21,110327,0.92,5
2021-01-22,125049,1.0,4
2021-01-23,77215,0.64,1
2021-01-24,75904,0.63,0
2021-01-25,108399,0.9,0
2021-01-26,108090,0.9,5
2021-01-27,115890,0.97,1
2021-01-28,126821,1.0,3
2021-01-29,116789,0.97,5
2021-01-30,79897,0.67,0
2021-01-31,84371,0.7,3
2021-02-01,120738,1.0,4
2021-02-02,118474,0.99,0
2021-02-03,104526,0.87,1
2021-02-04,116756,0.97,5
2021-02-05,88261,0.74,5
2021-02-06,92271,0.77,1
2021-02-07,92249,0.77,0
2021-02-08,121961,1.0,1
2021-02-09,125954,1.0,5
2021-02-10,111169,0.93,0
2021-02-11,103595,0.86,2
2021-02-12,97956,0.82,0
2021-02-13,88065,0.73,3
2021-02-14,73995,0.62,4
2021-02-15,107814,0.9,1
2021-02-16,114510,0.95,4
2021-02-17,111580,0.93,0
2021-02-18,114965,0.96,0
2021-02-19,91749,0.76,0
2021-02-20,78132,0.65,3
2021-02-21,86593,0.72,4
2021-02-22,107164,0.89,4
2021-02-23,102344,0.85,1
2021-02-24,122694,1.0,0
2021-02-25,107248,0.89,1
2021-02-26,114066,0.95,3
2021-02-27,78316,0.65,2
2021-02-28,79997,0.67,5
2021-03-01,129132,1.0,5
2021-03-02,118406,0.99,3
2021-03-03,98316,0.82,2
2021-03-04,107833,0.9,0
2021-03-05,107379,0.89,5
2021-03-06,81731,0.68,4
2021-03-07,87270,0.73,4
2021-03-08,112357,0.94,1
2021-03-09,112028,0.93,2
2021-03-10,87007,0.73,1
2021-03-11,126829,1.0,0
2021-03-12,110120,0.92,4
2021-03-13,82069,0.68,1
2021-03-14,82050,0.68,2
2021-03-15,103385,0.86,0
2021-03-16,109268,0.91,0
2021-03-17,103297,0.86,2
2021-03-18,127493,1.0,1
2021-03-19,87093,0.73,3
2021-03-20,72373,0.6,1
2021-03-21,77423,0.65,5
2021-03-22,128772,1.0,2
2021-03-23,119928,1.0,4
2021-03-24,93654,0.78,1
2021-03-25,110706,0.92,3
2021-03-26,120079,1.0,1
2021-03-27,97815,0.82,4
2021-03-28,77282,0.64,0
2021-03-29,98734,0.82,1
2021-03-30,115611,0.96,0
2021-03-31,111515,0.93,5
2021-04-01,117189,0.98,4
2021-04-02,119733,1.0,3
2021-04-03,82559,0.69,1
2021-04-04,84226,0.7,0
2021-04-05,130320,1.0,3
2021-04-06,108740,0.91,0
2021-04-07,98286,0.82,0
2021-04-08,115517,0.96,0
2021-04-09,97649,0.81,1
2021-04-10,71027,0.59,0
2021-04-11,73423,0.61,5
2021-04-12,97992,0.82,5
2021-04-13,125088,1.0,4
2021-04-14,112548,0.94,2
2021-04-15,119916,1.0,3
2021-04-16,117715,0.98,5
2021-04-17,78320,0.65,3
2021-04-18,87684,0.73,5
2021-04-19,106595,0.89,1
2021-04-20,110119,0.92,1
2021-04-21,104072,0.87,1
2021-04-22,127683,1.0,5
2021-04-23,110800,0.92,2
2021-04-24,84784,0.71,4
2021-04-25,75348,0.63,3
2021-04-26,121487,1.0,3
2021-04-27,120655,1.0,1
2021-04-28,93795,0.78,1
2021-04-29,112046,0.93,4
2021-04-30,113309,0.94,5
2021-05-01,77602,0.65,0
2021-05-02,91078,0.76,4
2021-05-03,98367,0.82,1
2021-05-04,106979,0.89,5
2021-05-05,102487,0.85,3
2021-05-06,123535,1.0,4
2021-05-07,100480,0.84,0
2021-05-08,65339,0.54,5
2021-05-09,83451,0.7,2
2021-05-10,110441,0.92,2
2021-05-11,123652,1.0,3
2021-05-12,121098,1.0,0
2021-05-13,111524,0.93,4
2021-05-14,95836,0.8,1
2021-05-15,70415,0.59,1
2021-05-16,65814,0.55,0
2021-05-17,110451,0.92,4
2021-05-18,104623,0.87,0
2021-05-19,109976,0.92,4
2021-05-20,113944,0.95,2
2021-05-21,133261,1.0,4
2021-05-22,84647,0.71,4
2021-05-23,80571,0.67,1
2021-05-24,94474,0.79,3
2021-05-25,112294,0.94,5
2021-05-26,121877,1.0,5
2021-05-27,116377,0.97,1
2021-05-28,100264,0.84,2
2021-05-29,76988,0.64,0
2021-05-30,80587,0.67,1
2021-05-31,107429,0.9,0
2021-06-01,105088,0.88,1
2021-06-02,87951,0.73,5
2021-06-03,103396,0.86,3
2021-06-04,114813,0.96,3
2021-06-05,87001,0.73,1
2021-06-06,80609,0.67,1
2021-06-07,123866,1.0,5
2021-06-08,111120,0.93,0
2021-06-09,102169,0.85,0
2021-06-10,106691,0.89,5
2021-06-11,117589,0.98,2
2021-06-12,77855,0.65,2
2021-06-13,74860,0.62,1
2021-06-14,94556,0.79,3
2021-06-15,101996,0.85,2
2021-06-16,107553,0.9,2
2021-06-17,105489,0.88,4
2021-06-18,101084,0.84,3
2021-06-19,92459,0.77,0
2021-06-20,84803,0.71,0
2021-06-21,136552,1.0,5
2021-06-22,94022,0.78,0
2021-06-23,115507,0.96,4
2021-06-24,107132,0.89,1
2021-06-25,112220,0.94,1
2021-06-26,94806,0.79,0
2021-06-27,66084,0.55,3
2021-06-28,105586,0.88,4
2021-06-29,103621,0.86,0
2021-06-30,105616,0.88,0
2021-07-01,88360,0.74,1
2021-07-02,126396,1.0,5
2021-07-03,90601,0.76,3
2021-07-04,84655,0.71,4
2021-07-05,97010,0.81,4
2021-07-06,115110,0.96,2
2021-07-07,121699,1.0,3
2021-07-08,116350,0.97,1
2021-07-09,111447,0.93,5
2021-07-10,91285,0.76,5
2021-07-11,74327,0.62,2
2021-07-12,110109,0.92,1
2021-07-13,119007,0.99,0
2021-07-14,115560,0.96,2
2021-07-15,118272,0.99,1
2021-07-16,117976,0.98,0
2021-07-17,84199,0.7,1
2021-07-18,77081,0.64,5
2021-07-19,104188,0.87,3
2021-07-20,113536,0.95,1
2021-07-21,128925,1.0,3
2021-07-22,111722,0.93,1
2021-07-23,118713,0.99,0
2021-07-24,80899,0.67,3
2021-07-25,96270,0.8,4
2021-07-26,110455,0.92,3
2021-07-27,118752,0.99,0
2021-07-28,103948,0.87,3
2021-07-29,99451,0.83,1
2021-07-30,111923,0.93,1
2021-07-31,89449,0.75,4
2021-08-01,85069,0.71,3
2021-08-02,88632,0.74,1
2021-08-03,120208,1.0,3
2021-08-04,94849,0.79,2
2021-08-05,121408,1.0,1
2021-08-06,118097,0.98,3
2021-08-07,78802,0.66,5
2021-08-08,85818,0.72,1
2021-08-09,109042,0.91,5
2021-08-10,113673,0.95,2
2021-08-11,95892,0.8,2
2021-08-12,109131,0.91,1
2021-08-13,122347,1.0,2
2021-08-14,69351,0.58,1
2021-08-15,86549,0.72,0
2021-08-16,89390,0.74,5
2021-08-17,98677,0.82,4
2021-08-18,108474,0.9,0
2021-08-19,113720,0.95,2
2021-08-20,105586,0.88,1
2021-08-21,75200,0.63,0
2021-08-22,88857,0.74,3
2021-08-23,125313,1.0,3
2021-08-24,107247,0.89,3
2021-08-25,107586,0.9,1
2021-08-26,108785,0.91,2
2021-08-27,136839,1.0,1
2021-08-28,80136,0.67,2
2021-08-29,92568,0.77,4
2021-08-30,120199,1.0,1
2021-08-31,110826,0.92,5
2021-09-01,104749,0.87,4
2021-09-02,120727,1.0,1
2021-09-03,103195,0.86,4
2021-09-04,76908,0.64,4
2021-09-05,85271,0.71,1
2021-09-06,109305,0.91,0
2021-09-07,107577,0.9,3
2021-09-08,108551,0.9,4
2021-09-09,104309,0.87,3
2021-09-10,117034,0.98,1
2021-09-11,80290,0.67,4
2021-09-12,69151,0.58,3
2021-09-13,106540,0.89,3
2021-09-14,107889,0.9,2
2021-09-15,107811,0.9,0
2021-09-16,118710,0.99,5
2021-09-17,104135,0.87,3
2021-09-18,101631,0.85,5
2021-09-19,91084,0.76,1
2021-09-20,127464,1.0,1
2021-09-21,100423,0.84,2
2021-09-22,89258,0.74,3
2021-09-23,108202,0.9,4
2021-09-24,115287,0.96,1
2021-09-25,78704,0.66,4
2021-09-26,75761,0.63,1
2021-09-27,92501,0.77,4
2021-09-28,104472,0.87,0
2021-09-29,109278,0.91,3
2021-09-30,106452,0.89,0
2021-10-01,74472,0.62,0
2021-10-02,51530,0.43,3
2021-10-03,65267,0.54,5
2021-10-04,83954,0.7,4
2021-10-05,85895,0.72,0
2021-10-06,80539,0.67,3
2021-10-07,67933,0.57,4
2021-10-08,120270,1.0,3
2021-10-09,90786,0.76,3
2021-10-10,91952,0.77,5
2021-10-11,118985,0.99,0
2021-10-12,112011,0.93,3
2021-10-13,111979,0.93,3
2021-10-14,117810,0.98,1
2021-10-15,93621,0.78,0
2021-10-16,85109,0.71,4
2021-10-17,76115,0.63,0
2021-10-18,136746,1.0,5
2021-10-19,108634,0.91,5
2021-10-20,114179,0.95,3
2021-10-21,113621,0.95,1
2021-10-22,104248,0.87,1
2021-10-23,83658,0.7,2
2021-10-24,82737,0.69,2
2021-10-25,123455,1.0,1
2021-10-26,120069,1.0,5
2021-10-27,114096,0.95,0
2021-10-28,102830,0.86,0
2021-10-29,103155,0.86,3
2021-10-30,93256,0.78,5
2021-10-31,80697,0.67,2
2021-11-01,135257,1.0,1
2021-11-02,102836,0.86,5
2021-11-03,136571,1.0,3
2021-11-04,101433,0.85,4
2021-11-05,107090,0.89,5
2021-11-06,83537,0.7,4
2021-11-07,87980,0.73,0
2021-11-08,119594,1.0,3
2021-11-09,90573,0.75,3
2021-11-10,105589,0.88,1
2021-11-11,99170,0.83,5
2021-11-12,96529,0.8,3
2021-11-13,79870,0.67,1
2021-11-14,63107,0.53,2
2021-11-15,123199,1.0,5
2021-11-16,120342,1.0,3
2021-11-17,130137,1.0,5
2021-11-18,100054,0.83,5
2021-11-19,101156,0.84,0
2021-11-20,88417,0.74,5
2021-11-21,89022,0.74,0
2021-11-22,127105,1.0,3
2021-11-23,124927,1.0,5
2021-11-24,114454,0.95,2
2021-11-25,106847,0.89,4
2021-11-26,120232,1.0,0
2021-11-27,76465,0.64,2
2021-11-28,80842,0.67,3
2021-11-29,107724,0.9,2
2021-11-30,114986,0.96,5
2021-12-01,125911,1.0,4
2021-12-02,108086,0.9,4
2021-12-03,106385,0.89,4
2021-12-04,79151,0.66,1
2021-12-05,70568,0.59,5
2021-12-06,119438,1.0,0
2021-12-07,113305,0.94,4
2021-12-08,111604,0.93,2
2021-12-09,115681,0.96,5
2021-12-10,95492,0.8,0
2021-12-11,91205,0.76,4
2021-12-12,75843,0.63,5
2021-12-13,107803,0.9,2
2021-12-14,121688,1.0,0
2021-12-15,118846,0.99,0
2021-12-16,134387,1.0,3
2021-12-17,101190,0.84,2
2021-12-18,72499,0.6,3
2021-12-19,70433,0.59,4
2021-12-20,113495,0.95,0
2021-12-21,108970,0.91,2
2021-12-22,104213,0.87,2
2021-12-23,111264,0.93,1
2021-12-24,100440,0.84,5
2021-12-25,92368,0.77,4
2021-12-26,74406,0.62,5
2021-12-27,105603,0.88,0
2021-12-28,85267,0.71,4
2021-12-29,93570,0.78,5
2021-12-30,105414,0.88,1
2021-12-31,108578,0.9,1
2022-01-01,60029,0.5,2
2022-01-02,68035,0.57,1
2022-01-03,117064,0.98,4
2022-01-04,118991,0.99,0
2022-01-05,119582,1.0,5
2022-01-06,123599,1.0,3
2022-01-07,98986,0.82,5
2022-01-08,84330,0.7,4
2022-01-09,94121,0.78,5
2022-01-10,127683,1.0,1
2022-01-11,133190,1.0,5
2022-01-12,114699,0.96,1
2022-01-13,105371,0.88,2
2022-01-14,83659,0.7,2
2022-01-15,70058,0.58,2
2022-01-16,75797,0.63,4
2022-01-17,108135,0.9,5
2022-01-18,103132,0.86,3
2022-01-19,115803,0.97,2
2022-01-20,114182,0.95,0
2022-01-21,112459,0.94,0
2022-01-22,86282,0.72,2
2022-01-23,76243,0.64,2
2022-01-24,124275,1.0,3
2022-01-25,98518,0.82,3
2022-01-26,108600,0.9,4
2022-01-27,115568,0.96,4
2022-01-28,90511,0.75,0
2022-01-29,75969,0.63,3
2022-01-30,85694,0.71,5
2022-01-31,107214,0.89,4
2022-02-01,91587,0.76,5
2022-02-02,102062,0.85,4
2022-02-03,96935,0.81,2
2022-02-04,117557,0.98,3
2022-02-05,80938,0.67,4
2022-02-06,67508,0.56,2
2022-02-07,93655,0.78,5
2022-02-08,103882,0.87,5
2022-02-09,112350,0.94,0
2022-02-10,104475,0.87,1
2022-02-11,115923,0.97,3
2022-02-12,82525,0.69,0
2022-02-13,84258,0.7,0
2022-02-14,96171,0.8,3
2022-02-15,108911,0.91,1
2022-02-16,124045,1.0,2
2022-02-17,104475,0.87,0
2022-02-18,102888,0.86,0
2022-02-19,76093,0.63,1
2022-02-20,75893,0.63,2
2022-02-21,113360,0.94,0
2022-02-22,105487,0.88,5
2022-02-23,89378,0.74,1
2022-02-24,125276,1.0,3
2022-02-25,117672,0.98,1
2022-02-26,81193,0.68,1
2022-02-27,79247,0.66,4
2022-02-28,108386,0.9,5
2022-03-01,103040,0.86,0
2022-03-02,90971,0.76,2
2022-03-03,130227,1.0,3
2022-03-04,112234,0.94,5
2022-03-05,67111,0.56,4
2022-03-06,71791,0.6,1
2022-03-07,115410,0.96,3
2022-03-08,115187,0.96,2
2022-03-09,103628,0.86,3
2022-03-10,99928,0.83,3
2022-03-11,105591,0.88,5
2022-03-12,64565,0.54,5
2022-03-13,76195,0.63,0
2022-03-14,106792,0.89,2
2022-03-15,129098,1.0,1
2022-03-16,106952,0.89,0
2022-03-17,114832,0.96,0
2022-03-18,129901,1.0,1
2022-03-19,71462,0.6,4
2022-03-20,75002,0.63,5
2022-03-21,105959,0.88,2
2022-03-22,93245,0.78,3
2022-03-23,109071,0.91,4
2022-03-24,125030,1.0,2
2022-03-25,121470,1.0,5
2022-03-26,89458,0.75,5
2022-03-27,74930,0.62,2
2022-03-28,99353,0.83,3
2022-03-29,137268,1.0,4
2022-03-30,114405,0.95,5
2022-03-31,93941,0.78,5
2022-04-01,140676,1.0,4
2022-04-02,79280,0.66,4
2022-04-03,56421,0.47,3
2022-04-04,128291,1.0,3
2022-04-05,86124,0.72,2
2022-04-06,115230,0.96,4
2022-04-07,121435,1.0,1
2022-04-08,119632,1.0,2
2022-04-09,92449,0.77,1
2022-04-10,88137,0.73,2
2022-04-11,132794,1.0,1
2022-04-12,110959,0.92,3
2022-04-13,107368,0.89,2
2022-04-14,108117,0.9,2
2022-04-15,127385,1.0,0
2022-04-16,74885,0.62,1
2022-04-17,86779,0.72,2
2022-04-18,102369,0.85,2
2022-04-19,102572,0.85,3
2022-04-20,125264,1.0,1
2022-04-21,116891,0.97,4
2022-04-22,87812,0.73,1
2022-04-23,73169,0.61,5
2022-04-24,59433,0.5,4
2022-04-25,107794,0.9,2
2022-04-26,108938,0.91,1
2022-04-27,106691,0.89,1
2022-04-28,125513,1.0,5
2022-04-29,116626,0.97,5
2022-04-30,99727,0.83,5
2022-05-01,84273,0.7,1
2022-05-02,118188,0.98,1
2022-05-03,115046,0.96,1
2022-05-04,108987,0.91,0
2022-05-05,104724,0.87,0
2022-05-06,109368,0.91,2
2022-05-07,78487,0.65,4
2022-05-08,79246,0.66,1
2022-05-09,119123,0.99,3
2022-05-10,115361,0.96,2
2022-05-11,106210,0.89,2
2022-05-12,103733,0.86,1
2022-05-13,114512,0.95,1
2022-05-14,72586,0.6,4
2022-05-15,76585,0.64,5
2022-05-16,106049,0.88,0
2022-05-17,139172,1.0,5
2022-05-18,97729,0.81,2
2022-05-19,103122,0.86,2
2022-05-20,105778,0.88,1
2022-05-21,76384,0.64,2
2022-05-22,87998,0.73,3
2022-05-23,109151,0.91,4
2022-05-24,97169,0.81,1
2022-05-25,128026,1.0,4
2022-05-26,114953,0.96,2
2022-05-27,116710,0.97,0
2022-05-28,85207,0.71,0
2022-05-29,70144,0.58,3
2022-05-30,111923,0.93,3
2022-05-31,121198,1.0,1
2022-06-01,104829,0.87,3
2022-06-02,115435,0.96,2
2022-06-03,118087,0.98,1
2022-06-04,68320,0.57,0
2022-06-05,71740,0.6,5
2022-06-06,86411,0.72,4
2022-06-07,114539,0.95,4
2022-06-08,133112,1.0,2
2022-06-09,104248,0.87,5
2022-06-10,109842,0.92,5
2022-06-11,88107,0.73,2
2022-06-12,82127,0.68,3
2022-06-13,101095,0.84,2
2022-06-14,129095,1.0,4
2022-06-15,114210,0.95,5
2022-06-16,109399,0.91,1
2022-06-17,110326,0.92,4
2022-06-18,84727,0.71,5
2022-06-19,75093,0.63,3
2022-06-20,129602,1.0,2
2022-06-21,126097,1.0,5
2022-06-22,112095,0.93,0
2022-06-23,112690,0.94,5
2022-06-24,102524,0.85,3
2022-06-25,74901,0.62,0
2022-06-26,70917,0.59,1
2022-06-27,109714,0.91,5
2022-06-28,112698,0.94,4
2022-06-29,94191,0.78,0
2022-06-30,119716,1.0,2
2022-07-01,102246,0.85,0
2022-07-02,83294,0.69,3
2022-07-03,86458,0.72,4
2022-07-04,126639,1.0,1
2022-07-05,124287,1.0,3
2022-07-06,130554,1.0,2
2022-07-07,121133,1.0,0
2022-07-08,113879,0.95,2
2022-07-09,76219,0.64,0
2022-07-10,79044,0.66,4
2022-07-11,130250,1.0,5
2022-07-12,109784,0.91,1
2022-07-13,111942,0.93,4
2022-07-14,128534,1.0,4
2022-07-15,109387,0.91,1
2022-07-16,73642,0.61,2
2022-07-17,89065,0.74,1
2022-07-18,102732,0.86,0
2022-07-19,116523,0.97,0
2022-07-20,114563,0.95,4
2022-07-21,115536,0.96,3
2022-07-22,84899,0.71,5
2022-07-23,86244,0.72,5
2022-07-24,79524,0.66,0
2022-07-25,118902,0.99,4
2022-07-26,117609,0.98,3
2022-07-27,115538,0.96,1
2022-07-28,107552,0.9,3
2022-07-29,107675,0.9,2
2022-07-30,79566,0.66,4
2022-07-31,81372,0.68,4
2022-08-01,107251,0.89,4
2022-08-02,122561,1.0,0
2022-08-03,108328,0.9,5
2022-08-04,101026,0.84,2
2022-08-05,118667,0.99,3
2022-08-06,95049,0.79,1
2022-08-07,70660,0.59,5
2022-08-08,110596,0.92,3
2022-08-09,123916,1.0,2
2022-08-10,118382,0.99,3
2022-08-11,118958,0.99,2
2022-08-12,112341,0.94,0
2022-08-13,58736,0.49,2
2022-08-14,82063,0.68,2
2022-08-15,116183,0.97,2
2022-08-16,124609,1.0,2
2022-08-17,103589,0.86,3
2022-08-18,130848,1.0,4
2022-08-19,108523,0.9,0
2022-08-20,76139,0.63,1
2022-08-21,74234,0.62,5
2022-08-22,123719,1.0,3
2022-08-23,99725,0.83,5
2022-08-24,119078,0.99,3
2022-08-25,102955,0.86,3
2022-08-26,111505,0.93,2
2022-08-27,67803,0.57,1
2022-08-28,86283,0.72,5
2022-08-29,110320,0.92,3
2022-08-30,118243,0.99,5
2022-08-31,109996,0.92,3
2022-09-01,117911,0.98,1
2022-09-02,111484,0.93,4
2022-09-03,85925,0.72,4
2022-09-04,84270,0.7,0
2022-09-05,114198,0.95,1
2022-09-06,101918,0.85,1
2022-09-07,107101,0.89,2
2022-09-08,103351,0.86,3
2022-09-09,128001,1.0,4
2022-09-10,86243,0.72,2
2022-09-11,80302,0.67,0
2022-09-12,105704,0.88,4
2022-09-13,103155,0.86,3
2022-09-14,113372,0.94,0
2022-09-15,132644,1.0,0
2022-09-16,112066,0.93,3
2022-09-17,89615,0.75,5
2022-09-18,82205,0.69,2
2022-09-19,118301,0.99,3
2022-09-20,106670,0.89,1
2022-09-21,109793,0.91,4
2022-09-22,102695,0.86,3
2022-09-23,115411,0.96,5
2022-09-24,78053,0.65,4
2022-09-25,82879,0.69,1
2022-09-26,100966,0.84,1
2022-09-27,117104,0.98,1
2022-09-28,113892,0.95,3
2022-09-29,113533,0.95,2
2022-09-30,116361,0.97,4
2022-10-01,54669,0.46,3
2022-10-02,77318,0.64,0
2022-10-03,82073,0.68,2
2022-10-04,79224,0.66,4
2022-10-05,84217,0.7,2
2022-10-06,74313,0.62,3
2022-10-07,74054,0.62,4
2022-10-08,86403,0.72,5
2022-10-09,87113,0.73,3
2022-10-10,125348,1.0,1
2022-10-11,96038,0.8,0
2022-10-12,110584,0.92,0
2022-10-13,115692,0.96,1
2022-10-14,120068,1.0,2
2022-10-15,84213,0.7,2
2022-10-16,73191,0.61,5
2022-10-17,117765,0.98,5
2022-10-18,115598,0.96,3
2022-10-19,115567,0.96,0
2022-10-20,99720,0.83,5
2022-10-21,101534,0.85,5
2022-10-22,94498,0.79,2
2022-10-23,87889,0.73,3
2022-10-24,111295,0.93,1
2022-10-25,111486,0.93,3
2022-10-26,136896,1.0,5
2022-10-27,112508,0.94,5
2022-10-28,110692,0.92,1
2022-10-29,73653,0.61,0
2022-10-30,78131,0.65,0
2022-10-31,93152,0.78,2
2022-11-01,117833,0.98,3
2022-11-02,126104,1.0,0
2022-11-03,126228,1.0,4
2022-11-04,104132,0.87,5
2022-11-05,61642,0.51,2
2022-11-06,82714,0.69,4
2022-11-07,126770,1.0,3
2022-11-08,94034,0.78,4
2022-11-09,107816,0.9,3
2022-11-10,116003,0.97,2
2022-11-11,102580,0.85,5
2022-11-12,66175,0.55,5
2022-11-13,74050,0.62,3
2022-11-14,105626,0.88,5
2022-11-15,90875,0.76,0
2022-11-16,124001,1.0,2
2022-11-17,129404,1.0,4
2022-11-18,112331,0.94,5
2022-11-19,85836,0.72,4
2022-11-20,68166,0.57,0
2022-11-21,110414,0.92,2
2022-11-22,105516,0.88,1
2022-11-23,116609,0.97,4
2022-11-24,81782,0.68,0
2022-11-25,108594,0.9,1
2022-11-26,85027,0.71,2
2022-11-27,81906,0.68,3
2022-11-28,120769,1.0,5
2022-11-29,105298,0.88,1
2022-11-30,80379,0.67,2
2022-12-01,124308,1.0,1
2022-12-02,120502,1.0,0
2022-12-03,92550,0.77,2
2022-12-04,80594,0.67,2
2022-12-05,116662,0.97,3
2022-12-06,138088,1.0,5
2022-12-07,91269,0.76,2
2022-12-08,116981,0.97,0
2022-12-09,125639,1.0,2
2022-12-10,81701,0.68,2
2022-12-11,80530,0.67,4
2022-12-12,95384,0.79,5
2022-12-13,128433,1.0,0
2022-12-14,123972,1.0,4
2022-12-15,126365,1.0,1
2022-12-16,111759,0.93,5
2022-12-17,77434,0.65,1
2022-12-18,79946,0.67,0
2022-12-19,131032,1.0,4
2022-12-20,109085,0.91,1
2022-12-21,128598,1.0,4
2022-12-22,110353,0.92,2
2022-12-23,102399,0.85,2
2022-12-24,63382,0.53,5
2022-12-25,84593,0.7,2
2022-12-26,120603,1.0,2
2022-12-27,99114,0.83,5
2022-12-28,128541,1.0,5
2022-12-29,96529,0.8,5
2022-12-30,119935,1.0,2
2022-12-31,86060,0.72,0
2023-01-01,62010,0.52,4
2023-01-02,89927,0.75,4
2023-01-03,123949,1.0,2
2023-01-04,110378,0.92,1
2023-01-05,108188,0.9,0
2023-01-06,121240,1.0,1
2023-01-07,87685,0.73,4
2023-01-08,64091,0.53,2
2023-01-09,97554,0.81,2
2023-01-10,125431,1.0,3
2023-01-11,117320,0.98,3
2023-01-12,114036,0.95,2
2023-01-13,100960,0.84,1
2023-01-14,83511,0.7,0
2023-01-15,89751,0.75,1
2023-01-16,137961,1.0,1
2023-01-17,108033,0.9,4
2023-01-18,121823,1.0,1
2023-01-19,132775,1.0,1
2023-01-20,95775,0.8,4
2023-01-21,94393,0.79,4
2023-01-22,81605,0.68,5
2023-01-23,112838,0.94,4
2023-01-24,105933,0.88,4
2023-01-25,107924,0.9,5
2023-01-26,103656,0.86,4
2023-01-27,101326,0.84,5
2023-01-28,83597,0.7,0
2023-01-29,88901,0.74,3
2023-01-30,100265,0.84,3
2023-01-31,104214,0.87,0
2023-02-01,114871,0.96,0
2023-02-02,99518,0.83,1
2023-02-03,114734,0.96,0
2023-02-04,77842,0.65,3
2023-02-05,66896,0.56,2
2023-02-06,117282,0.98,2
2023-02-07,105717,0.88,5
2023-02-08,123481,1.0,2
2023-02-09,109810,0.92,1
2023-02-10,104033,0.87,3
2023-02-11,79734,0.66,4
2023-02-12,89936,0.75,4
2023-02-13,132628,1.0,2
2023-02-14,118642,0.99,1
2023-02-15,105403,0.88,5
2023-02-16,112365,0.94,2
2023-02-17,110898,0.92,0
2023-02-18,78798,0.66,5
2023-02-19,77965,0.65,0
2023-02-20,101187,0.84,1
2023-02-21,122927,1.0,1
2023-02-22,121641,1.0,5
2023-02-23,112259,0.94,1
2023-02-24,126098,1.0,5
2023-02-25,84728,0.71,1
2023-02-26,71069,0.59,2
2023-02-27,108031,0.9,1
2023-02-28,128580,1.0,1
2023-03-01,107961,0.9,1
2023-03-02,104235,0.87,0
2023-03-03,120091,1.0,3
2023-03-04,77758,0.65,5
2023-03-05,84486,0.7,0
2023-03-06,111595,0.93,0
2023-03-07,103077,0.86,0
2023-03-08,104237,0.87,3
2023-03-09,93120,0.78,3
2023-03-10,99622,0.83,0
2023-03-11,85027,0.71,1
2023-03-12,89646,0.75,0
2023-03-13,105163,0.88,0
2023-03-14,96600,0.81,5
2023-03-15,124744,1.0,4
2023-03-16,125075,1.0,4
2023-03-17,120097,1.0,0
2023-03-18,68393,0.57,3
2023-03-19,84121,0.7,0
2023-03-20,118178,0.98,2
2023-03-21,122086,1.0,0
2023-03-22,113691,0.95,0
2023-03-23,103598,0.86,2
2023-03-24,107469,0.9,5
2023-03-25,89416,0.75,0
2023-03-26,83036,0.69,0
2023-03-27,97350,0.81,0
2023-03-28,131112,1.0,4
2023-03-29,124942,1.0,1
2023-03-30,130620,1.0,4
2023-03-31,124704,1.0,1
2023-04-01,72573,0.6,1
2023-04-02,82640,0.69,5
2023-04-03,118759,0.99,2
2023-04-04,96944,0.81,0
2023-04-05,98869,0.82,0
2023-04-06,120326,1.0,1
2023-04-07,121214,1.0,5
2023-04-08,98946,0.82,2
2023-04-09,77917,0.65,4
2023-04-10,93151,0.78,2
2023-04-11,110307,0.92,2
2023-04-12,121447,1.0,1
2023-04-13,107922,0.9,4
2023-04-14,113140,0.94,5
2023-04-15,74863,0.62,4
2023-04-16,89545,0.75,1
2023-04-17,120340,1.0,4
2023-04-18,102815,0.86,4
2023-04-19,106154,0.88,0
2023-04-20,104390,0.87,0
2023-04-21,91172,0.76,4
2023-04-22,73904,0.62,0
2023-04-23,65817,0.55,4
2023-04-24,122456,1.0,1
2023-04-25,123344,1.0,5
2023-04-26,108654,0.91,1
2023-04-27,114293,0.95,2
2023-04-28,123995,1.0,1
2023-04-29,86270,0.72,4
2023-04-30,96038,0.8,0
2023-05-01,114905,0.96,5
2023-05-02,128270,1.0,0
2023-05-03,113065,0.94,1
2023-05-04,110662,0.92,4
2023-05-05,119601,1.0,5
2023-05-06,84417,0.7,3
2023-05-07,75137,0.63,2
2023-05-08,102771,0.86,5
2023-05-09,112837,0.94,4
2023-05-10,90831,0.76,1
2023-05-11,108556,0.9,3
2023-05-12,100998,0.84,5
2023-05-13,75389,0.63,0
2023-05-14,73770,0.61,1
2023-05-15,120601,1.0,2
2023-05-16,117003,0.98,3
2023-05-17,112593,0.94,3
2023-05-18,107706,0.9,1
2023-05-19,123589,1.0,4
2023-05-20,87205,0.73,1
2023-05-21,79111,0.66,3
2023-05-22,127173,1.0,0
2023-05-23,109877,0.92,2
2023-05-24,114293,0.95,0
2023-05-25,105569,0.88,3
2023-05-26,107596,0.9,0
2023-05-27,74984,0.62,4
2023-05-28,85501,0.71,1
2023-05-29,116214,0.97,3
2023-05-30,100209,0.84,2
2023-05-31,118344,0.99,5
2023-06-01,132081,1.0,2
2023-06-02,104607,0.87,4
2023-06-03,74262,0.62,5
2023-06-04,80065,0.67,0
2023-06-05,127436,1.0,0
2023-06-06,107091,0.89,2
2023-06-07,132629,1.0,3
2023-06-08,100161,0.83,0
2023-06-09,114106,0.95,3
2023-06-10,66390,0.55,2
2023-06-11,72511,0.6,3
2023-06-12,109610,0.91,4
2023-06-13,115026,0.96,5
2023-06-14,125896,1.0,2
2023-06-15,104168,0.87,5
2023-06-16,116711,0.97,3
2023-06-17,69287,0.58,1
2023-06-18,88079,0.73,4
2023-06-19,126676,1.0,3
2023-06-20,123620,1.0,2
2023-06-21,123604,1.0,3
2023-06-22,110977,0.92,1
2023-06-23,115099,0.96,0
2023-06-24,79224,0.66,3
2023-06-25,79636,0.66,5
2023-06-26,103671,0.86,2
2023-06-27,115155,0.96,1
2023-06-28,116679,0.97,0
2023-06-29,123035,1.0,5
2023-06-30,116392,0.97,3
2023-07-01,87049,0.73,5
2023-07-02,74046,0.62,0
2023-07-03,127943,1.0,3
2023-07-04,109298,0.91,3
2023-07-05,89054,0.74,4
2023-07-06,107638,0.9,5
2023-07-07,118459,0.99,5
2023-07-08,80658,0.67,0
2023-07-09,64464,0.54,0
2023-07-10,114410,0.95,1
2023-07-11,113419,0.95,3
2023-07-12,101120,0.84,3
2023-07-13,118323,0.99,5
2023-07-14,110501,0.92,4
2023-07-15,64391,0.54,0
2023-07-16,85561,0.71,5
2023-07-17,113958,0.95,1
2023-07-18,128952,1.0,0
2023-07-19,102313,0.85,2
2023-07-20,109390,0.91,1
2023-07-21,123939,1.0,2
2023-07-22,72675,0.61,1
2023-07-23,88246,0.74,4
2023-07-24,123836,1.0,3
2023-07-25,115514,0.96,0
2023-07-26,110151,0.92,1
2023-07-27,104750,0.87,3
2023-07-28,103924,0.87,5
2023-07-29,82487,0.69,3
2023-07-30,56980,0.47,2
2023-07-31,105761,0.88,5
2023-08-01,104216,0.87,4
2023-08-02,100934,0.84,4
2023-08-03,114080,0.95,2
2023-08-04,95538,0.8,5
2023-08-05,89623,0.75,3
2023-08-06,87309,0.73,2
2023-08-07,127227,1.0,3
2023-08-08,106095,0.88,5
2023-08-09,114327,0.95,4
2023-08-10,121220,1.0,3
2023-08-11,110535,0.92,3
2023-08-12,75467,0.63,4
2023-08-13,80957,0.67,2
2023-08-14,109704,0.91,1
2023-08-15,100008,0.83,3
2023-08-16,85340,0.71,0
2023-08-17,101656,0.85,0
2023-08-18,85572,0.71,2
2023-08-19,73040,0.61,3
2023-08-20,91353,0.76,3
2023-08-21,91297,0.76,1
2023-08-22,117028,0.98,5
2023-08-23,125694,1.0,1
2023-08-24,94386,0.79,0
2023-08-25,132096,1.0,0
2023-08-26,79388,0.66,5
2023-08-27,90865,0.76,0
2023-08-28,115033,0.96,0
2023-08-29,106841,0.89,3
2023-08-30,79437,0.66,5
2023-08-31,99514,0.83,0
2023-09-01,119613,1.0,1
2023-09-02,92298,0.77,3
2023-09-03,68763,0.57,4
2023-09-04,111332,0.93,5
2023-09-05,107005,0.89,2
2023-09-06,116680,0.97,1
2023-09-07,112990,0.94,2
2023-09-08,107837,0.9,4
2023-09-09,85113,0.71,4
2023-09-10,74468,0.62,0
2023-09-11,112126,0.93,0
2023-09-12,120625,1.0,5
2023-09-13,103865,0.87,4
2023-09-14,107980,0.9,3
2023-09-15,105750,0.88,3
2023-09-16,83617,0.7,1
2023-09-17,82796,0.69,2
2023-09-18,106197,0.88,5
2023-09-19,115818,0.97,3
2023-09-20,80505,0.67,3
2023-09-21,121355,1.0,4
2023-09-22,122032,1.0,2
2023-09-23,75949,0.63,4
2023-09-24,74357,0.62,2
2023-09-25,111356,0.93,4
2023-09-26,101807,0.85,4
2023-09-27,103548,0.86,0
2023-09-28,115448,0.96,0
2023-09-29,121061,1.0,3
2023-09-30,82543,0.69,0
2023-10-01,72163,0.6,3
2023-10-02,88189,0.73,3
2023-10-03,84165,0.7,2
2023-10-04,83882,0.7,3
2023-10-05,79080,0.66,3
2023-10-06,82356,0.69,3
2023-10-07,57107,0.48,0
2023-10-08,88407,0.74,0
2023-10-09,108874,0.91,1
2023-10-10,108275,0.9,4
2023-10-11,125194,1.0,5
2023-10-12,106848,0.89,2
2023-10-13,101417,0.85,5
2023-10-14,74015,0.62,1
2023-10-15,85989,0.72,3
2023-10-16,141925,1.0,3
2023-10-17,102058,0.85,1
2023-10-18,119226,0.99,2
2023-10-19,113722,0.95,5
2023-10-20,124636,1.0,3
2023-10-21,85091,0.71,3
2023-10-22,89522,0.75,0
2023-10-23,115272,0.96,4
2023-10-24,102651,0.86,5
2023-10-25,104384,0.87,3
2023-10-26,114374,0.95,5
2023-10-27,117231,0.98,4
2023-10-28,76926,0.64,5
2023-10-29,96120,0.8,4
2023-10-30,122542,1.0,4
2023-10-31,88660,0.74,3
2023-11-01,110623,0.92,3
2023-11-02,100467,0.84,4
2023-11-03,133350,1.0,1
2023-11-04,62245,0.52,4
2023-11-05,83350,0.69,0
2023-11-06,113381,0.94,3
2023-11-07,121116,1.0,2
2023-11-08,115615,0.96,3
2023-11-09,135176,1.0,4
2023-11-10,122281,1.0,3
2023-11-11,65295,0.54,4
2023-11-12,91234,0.76,5
2023-11-13,114275,0.95,2
2023-11-14,127746,1.0,2
2023-11-15,108449,0.9,2
2023-11-16,100102,0.83,0
2023-11-17,97985,0.82,0
2023-11-18,88491,0.74,4
2023-11-19,86377,0.72,0
2023-11-20,105370,0.88,1
2023-11-21,82095,0.68,2
2023-11-22,124316,1.0,2
2023-11-23,89180,0.74,5
2023-11-24,136348,1.0,4
2023-11-25,68437,0.57,0
2023-11-26,80113,0.67,5
2023-11-27,114576,0.95,2
2023-11-28,116086,0.97,3
2023-11-29,115632,0.96,0
2023-11-30,113461,0.95,3
2023-12-01,107138,0.89,2
2023-12-02,78212,0.65,2
2023-12-03,74785,0.62,3
2023-12-04,113298,0.94,2
2023-12-05,92356,0.77,0
2023-12-06,115533,0.96,5
2023-12-07,110895,0.92,1
2023-12-08,121424,1.0,1
2023-12-09,77571,0.65,1
2023-12-10,84818,0.71,5
2023-12-11,118183,0.98,2
2023-12-12,110442,0.92,4
2023-12-13,115952,0.97,0
2023-12-14,96962,0.81,5
2023-12-15,127026,1.0,0
2023-12-16,75636,0.63,2
2023-12-17,78573,0.65,0
2023-12-18,100208,0.84,2
2023-12-19,103396,0.86,1
2023-12-20,130408,1.0,0
2023-12-21,113544,0.95,4
2023-12-22,108676,0.91,2
2023-12-23,77581,0.65,0
2023-12-24,80016,0.67,3
2023-12-25,120092,1.0,5
2023-12-26,114171,0.95,3
2023-12-27,114410,0.95,4
2023-12-28,101660,0.85,4
2023-12-29,108709,0.91,3
2023-12-30,81252,0.68,2
2023-12-31,79750,0.66,0
