date,avg_temp,max_temp,min_temp,humidity,wind_speed,precipitation,sunshine_hours
2018-01-01,14.4,17.4,11.4,72,2.8,0.0,2.3
2018-01-02,14.5,17.5,11.5,52,4.8,0.0,4.2
2018-01-03,10.6,13.6,7.6,78,3.4,0.0,8.8
2018-01-04,15.3,18.3,12.3,76,3.1,0.0,2.9
2018-01-05,8.7,11.7,5.7,77,2.5,0.0,2.3
2018-01-06,15.4,18.4,12.4,61,3.5,0.0,7.1
2018-01-07,10.6,13.6,7.6,57,2.9,6.4,8.5
2018-01-08,17.3,20.3,14.3,84,3.2,0.0,4.2
2018-01-09,10.4,13.4,7.4,76,4.0,0.0,10.1
2018-01-10,14.9,17.9,11.9,57,3.6,24.3,9.0
2018-01-11,12.7,15.7,9.7,84,3.6,0.0,3.6
2018-01-12,18.1,21.1,15.1,66,2.6,0.0,5.4
2018-01-13,12.0,15.0,9.0,88,3.9,3.4,10.5
2018-01-14,13.1,16.1,10.1,43,5.0,0.0,10.1
2018-01-15,10.7,13.7,7.7,57,2.9,0.0,7.4
2018-01-16,7.8,10.8,4.8,60,3.0,0.0,5.8
2018-01-17,17.4,20.4,14.4,67,3.8,0.0,10.3
2018-01-18,20.7,23.7,17.7,70,2.6,0.0,10.6
2018-01-19,15.6,18.6,12.6,49,4.5,0.0,9.0
2018-01-20,13.3,16.3,10.3,72,3.3,7.2,4.9
2018-01-21,13.8,16.8,10.8,76,3.2,7.4,3.0
2018-01-22,13.6,16.6,10.6,64,4.9,0.0,8.4
2018-01-23,13.7,16.7,10.7,48,4.3,0.0,5.7
2018-01-24,13.9,16.9,10.9,61,2.7,0.0,4.7
2018-01-25,14.7,17.7,11.7,75,2.7,0.0,8.5
2018-01-26,19.3,22.3,16.3,57,3.5,0.0,3.7
2018-01-27,16.0,19.0,13.0,60,3.2,0.0,3.6
2018-01-28,11.2,14.2,8.2,65,5.1,0.0,11.9
2018-01-29,13.7,16.7,10.7,50,4.1,0.0,7.6
2018-01-30,13.8,16.8,10.8,48,2.8,0.0,10.4
2018-01-31,14.5,17.5,11.5,78,4.4,0.0,4.3
2018-02-01,17.9,20.9,14.9,69,3.8,9.8,4.7
2018-02-02,10.5,13.5,7.5,74,3.5,0.0,11.4
2018-02-03,16.5,19.5,13.5,70,2.9,0.0,5.1
2018-02-04,13.5,16.5,10.5,43,2.6,0.0,6.0
2018-02-05,4.8,7.8,1.8,56,3.4,0.0,6.6
2018-02-06,20.9,23.9,17.9,44,4.6,0.0,4.5
2018-02-07,17.3,20.3,14.3,67,2.5,0.0,4.6
2018-02-08,14.3,17.3,11.3,59,2.7,0.0,11.0
2018-02-09,17.3,20.3,14.3,71,3.7,0.0,4.2
2018-02-10,18.4,21.4,15.4,66,4.6,0.0,7.1
2018-02-11,16.8,19.8,13.8,66,5.5,1.9,3.1
2018-02-12,16.0,19.0,13.0,64,3.6,0.0,9.9
2018-02-13,18.8,21.8,15.8,63,3.0,0.0,2.6
2018-02-14,16.4,19.4,13.4,62,2.9,0.0,12.0
2018-02-15,17.1,20.1,14.1,54,4.2,0.0,11.7
2018-02-16,17.4,20.4,14.4,47,2.7,0.0,2.1
2018-02-17,17.1,20.1,14.1,51,2.6,0.0,8.8
2018-02-18,15.7,18.7,12.7,63,2.6,0.0,4.7
2018-02-19,23.6,26.6,20.6,70,2.5,0.0,3.1
2018-02-20,20.6,23.6,17.6,62,3.8,0.0,6.5
2018-02-21,17.8,20.8,14.8,51,3.6,0.0,10.8
2018-02-22,18.6,21.6,15.6,68,3.5,0.0,7.0
2018-02-23,20.0,23.0,17.0,66,3.6,27.4,10.7
2018-02-24,13.8,16.8,10.8,48,4.8,0.0,8.4
2018-02-25,17.1,20.1,14.1,62,7.6,0.0,3.5
2018-02-26,15.4,18.4,12.4,71,3.1,0.0,7.4
2018-02-27,13.7,16.7,10.7,54,3.1,0.0,7.3
2018-02-28,21.5,24.5,18.5,46,4.2,10.1,2.2
2018-03-01,19.1,22.1,16.1,54,3.6,0.0,10.8
2018-03-02,24.0,27.0,21.0,61,2.5,0.0,5.1
2018-03-03,22.2,25.2,19.2,71,3.5,26.4,11.5
2018-03-04,21.6,24.6,18.6,51,2.8,14.8,2.7
2018-03-05,22.1,25.1,19.1,42,4.2,0.0,9.7
2018-03-06,23.7,26.7,20.7,73,3.3,14.5,7.5
2018-03-07,23.3,26.3,20.3,58,3.3,0.0,10.7
2018-03-08,19.5,22.5,16.5,53,3.4,0.0,4.1
2018-03-09,21.3,24.3,18.3,59,4.3,0.0,9.3
2018-03-10,25.0,28.0,22.0,70,2.6,0.0,5.1
2018-03-11,23.7,26.7,20.7,56,4.5,0.0,8.5
2018-03-12,19.7,22.7,16.7,55,3.1,0.0,7.2
2018-03-13,26.1,29.1,23.1,46,5.9,7.1,5.4
2018-03-14,20.3,23.3,17.3,58,4.8,0.0,4.3
2018-03-15,23.4,26.4,20.4,60,2.7,0.0,2.7
2018-03-16,22.0,25.0,19.0,53,3.1,0.0,4.3
2018-03-17,22.9,25.9,19.9,57,4.2,0.0,10.6
2018-03-18,19.1,22.1,16.1,65,3.8,7.5,8.7
2018-03-19,20.4,23.4,17.4,76,5.1,0.0,3.3
2018-03-20,20.4,23.4,17.4,52,2.6,0.0,7.7
2018-03-21,23.5,26.5,20.5,71,2.9,0.0,9.8
2018-03-22,21.5,24.5,18.5,47,2.8,0.0,3.9
2018-03-23,23.7,26.7,20.7,55,3.2,13.2,6.2
2018-03-24,21.0,24.0,18.0,37,2.7,0.0,9.3
2018-03-25,23.1,26.1,20.1,57,2.6,0.0,11.8
2018-03-26,22.7,25.7,19.7,59,6.3,12.4,5.4
2018-03-27,18.3,21.3,15.3,60,2.7,0.0,4.5
2018-03-28,26.1,29.1,23.1,63,3.8,13.7,6.2
2018-03-29,25.0,28.0,22.0,62,3.7,0.0,4.5
2018-03-30,17.3,20.3,14.3,63,3.9,0.0,6.4
2018-03-31,16.4,19.4,13.4,59,4.1,0.0,7.5
2018-04-01,28.1,31.1,25.1,58,2.7,30.0,10.4
2018-04-02,23.2,26.2,20.2,66,4.8,0.0,11.3
2018-04-03,27.8,30.8,24.8,49,4.1,0.0,3.7
2018-04-04,28.2,31.2,25.2,55,4.4,0.0,4.1
2018-04-05,23.8,26.8,20.8,48,4.7,0.0,2.6
2018-04-06,34.6,37.6,31.6,38,2.6,0.0,11.9
2018-04-07,22.5,25.5,19.5,49,3.3,0.0,9.8
2018-04-08,30.8,33.8,27.8,65,2.6,0.0,6.2
2018-04-09,28.7,31.7,25.7,66,4.7,0.0,12.0
2018-04-10,29.9,32.9,26.9,54,4.5,0.0,9.2
2018-04-11,20.9,23.9,17.9,49,5.2,9.3,11.7
2018-04-12,28.1,31.1,25.1,58,4.1,0.0,7.4
2018-04-13,24.3,27.3,21.3,60,2.8,0.0,2.6
2018-04-14,27.8,30.8,24.8,51,3.8,0.0,7.0
2018-04-15,24.0,27.0,21.0,47,3.1,0.0,3.6
2018-04-16,29.5,32.5,26.5,51,4.1,0.0,2.8
2018-04-17,23.2,26.2,20.2,70,3.2,18.1,8.8
2018-04-18,21.1,24.1,18.1,53,4.4,0.0,3.2
2018-04-19,30.8,33.8,27.8,54,2.6,0.0,4.5
2018-04-20,27.9,30.9,24.9,82,3.2,0.0,8.2
2018-04-21,29.1,32.1,26.1,46,2.6,0.0,7.8
2018-04-22,32.3,35.3,29.3,72,5.0,0.0,11.3
2018-04-23,23.6,26.6,20.6,59,3.4,0.0,9.2
2018-04-24,27.0,30.0,24.0,51,2.6,0.0,6.0
2018-04-25,29.3,32.3,26.3,55,3.8,0.0,5.0
2018-04-26,29.1,32.1,26.1,59,2.5,0.0,9.5
2018-04-27,27.8,30.8,24.8,69,3.3,14.0,12.0
2018-04-28,25.8,28.8,22.8,67,3.3,0.0,2.7
2018-04-29,22.3,25.3,19.3,69,3.3,0.0,4.7
2018-04-30,25.3,28.3,22.3,53,3.0,0.0,10.8
2018-05-01,31.7,34.7,28.7,56,3.1,0.0,5.7
2018-05-02,28.3,31.3,25.3,59,4.8,37.650000000000006,9.0
2018-05-03,35.0,38.0,32.0,56,4.1,0.0,11.9
2018-05-04,31.3,34.3,28.3,38,5.7,0.0,2.1
2018-05-05,31.5,34.5,28.5,48,5.8,0.0,5.0
2018-05-06,33.0,36.0,30.0,49,5.2,0.0,11.4
2018-05-07,28.2,31.2,25.2,64,2.9,5.85,3.1
2018-05-08,31.8,34.8,28.8,64,2.9,0.0,4.7
2018-05-09,31.0,34.0,28.0,52,3.8,0.0,9.2
2018-05-10,31.4,34.4,28.4,58,4.3,0.0,8.3
2018-05-11,32.8,35.8,29.8,67,3.1,0.0,6.9
2018-05-12,31.5,34.5,28.5,62,3.0,0.0,10.5
2018-05-13,29.9,32.9,26.9,50,3.3,19.5,4.8
2018-05-14,28.0,31.0,25.0,49,3.2,34.8,8.4
2018-05-15,32.0,35.0,29.0,49,3.2,0.0,9.4
2018-05-16,27.3,30.3,24.3,59,2.9,0.0,6.3
2018-05-17,34.5,37.5,31.5,49,4.0,4.050000000000001,10.8
2018-05-18,32.3,35.3,29.3,41,2.8,0.0,7.5
2018-05-19,36.0,39.0,33.0,58,4.1,0.0,7.8
2018-05-20,33.6,36.6,30.6,64,5.7,6.449999999999999,5.1
2018-05-21,35.8,38.8,32.8,64,4.4,0.0,10.0
2018-05-22,34.3,37.3,31.3,62,2.8,0.0,11.0
2018-05-23,27.6,30.6,24.6,53,3.2,0.0,4.5
2018-05-24,30.9,33.9,27.9,54,3.4,35.25,10.8
2018-05-25,28.7,31.7,25.7,67,4.3,0.0,8.2
2018-05-26,35.2,38.2,32.2,61,2.8,41.849999999999994,10.6
2018-05-27,37.0,40.0,34.0,59,3.4,0.0,10.1
2018-05-28,30.7,33.7,27.7,55,6.1,0.0,2.2
2018-05-29,29.1,32.1,26.1,63,3.1,0.0,5.3
2018-05-30,29.0,32.0,26.0,72,2.9,0.0,10.0
2018-05-31,32.6,35.6,29.6,59,6.2,0.0,10.1
2018-06-01,30.3,33.3,27.3,76,2.9,0.0,9.9
2018-06-02,30.0,33.0,27.0,48,3.0,39.3,10.6
2018-06-03,30.4,33.4,27.4,50,3.8,0.0,10.2
2018-06-04,30.2,33.2,27.2,34,2.7,0.0,5.1
2018-06-05,29.4,32.4,26.4,53,3.3,0.0,4.3
2018-06-06,32.3,35.3,29.3,52,3.3,9.3,5.3
2018-06-07,30.2,33.2,27.2,71,3.0,0.0,11.7
2018-06-08,32.2,35.2,29.2,45,3.2,0.0,8.4
2018-06-09,37.1,40.1,34.1,49,4.3,0.0,11.8
2018-06-10,30.2,33.2,27.2,59,3.5,0.0,11.4
2018-06-11,32.7,35.7,29.7,49,3.0,43.650000000000006,3.8
2018-06-12,27.3,30.3,24.3,69,2.5,0.0,4.7
2018-06-13,34.4,37.4,31.4,54,3.4,19.950000000000003,9.3
2018-06-14,36.1,39.1,33.1,55,3.2,0.0,8.1
2018-06-15,32.5,35.5,29.5,45,3.4,0.0,5.9
2018-06-16,34.7,37.7,31.7,61,4.0,0.0,4.5
2018-06-17,28.6,31.6,25.6,62,3.0,0.0,2.0
2018-06-18,32.2,35.2,29.2,46,2.9,0.0,7.4
2018-06-19,32.1,35.1,29.1,38,3.4,0.0,9.4
2018-06-20,33.1,36.1,30.1,41,3.1,0.0,5.6
2018-06-21,34.3,37.3,31.3,34,4.0,30.150000000000002,5.3
2018-06-22,33.8,36.8,30.8,60,3.9,0.0,10.5
2018-06-23,36.2,39.2,33.2,46,3.0,0.0,5.0
2018-06-24,33.3,36.3,30.3,35,2.9,0.0,6.1
2018-06-25,31.2,34.2,28.2,30,4.4,0.0,5.0
2018-06-26,25.3,28.3,22.3,61,2.8,19.35,11.4
2018-06-27,33.3,36.3,30.3,30,3.9,0.0,11.0
2018-06-28,31.1,34.1,28.1,50,3.0,0.0,5.0
2018-06-29,28.2,31.2,25.2,40,4.1,0.0,2.0
2018-06-30,32.1,35.1,29.1,34,3.5,0.0,6.3
2018-07-01,33.0,36.0,30.0,44,3.3,0.0,8.5
2018-07-02,34.7,37.7,31.7,50,2.8,0.0,6.4
2018-07-03,31.1,34.1,28.1,64,3.4,0.0,6.7
2018-07-04,31.2,34.2,28.2,56,3.4,0.0,10.0
2018-07-05,29.4,32.4,26.4,71,3.3,4.5,7.2
2018-07-06,32.0,35.0,29.0,49,2.5,0.0,5.4
2018-07-07,32.5,35.5,29.5,37,3.4,0.0,9.5
2018-07-08,30.8,33.8,27.8,70,3.2,0.0,4.2
2018-07-09,30.6,33.6,27.6,73,3.4,1.7999999999999998,4.4
2018-07-10,30.0,33.0,27.0,64,3.0,0.0,10.5
2018-07-11,30.7,33.7,27.7,50,4.1,19.049999999999997,8.3
2018-07-12,25.6,28.6,22.6,61,4.0,31.5,6.9
2018-07-13,33.4,36.4,30.4,44,3.4,0.0,8.6
2018-07-14,33.4,36.4,30.4,64,4.1,34.05,9.7
2018-07-15,29.5,32.5,26.5,39,3.6,19.5,3.8
2018-07-16,36.1,39.1,33.1,46,3.5,0.0,7.2
2018-07-17,31.4,34.4,28.4,51,3.8,11.850000000000001,10.5
2018-07-18,27.8,30.8,24.8,60,2.8,0.0,10.0
2018-07-19,26.1,29.1,23.1,50,2.8,0.0,11.9
2018-07-20,32.2,35.2,29.2,65,3.3,0.0,11.5
2018-07-21,30.7,33.7,27.7,54,2.7,0.0,8.1
2018-07-22,27.1,30.1,24.1,63,2.7,0.0,7.0
2018-07-23,27.2,30.2,24.2,65,4.2,0.0,7.5
2018-07-24,29.7,32.7,26.7,33,5.9,0.0,9.4
2018-07-25,33.1,36.1,30.1,44,3.9,0.0,4.6
2018-07-26,30.7,33.7,27.7,39,2.9,0.0,8.4
2018-07-27,32.4,35.4,29.4,67,3.1,0.0,7.2
2018-07-28,28.5,31.5,25.5,63,3.9,0.0,4.7
2018-07-29,29.3,32.3,26.3,69,6.5,13.350000000000001,4.7
2018-07-30,35.2,38.2,32.2,39,2.7,0.0,7.4
2018-07-31,32.9,35.9,29.9,61,3.6,10.95,8.9
2018-08-01,26.7,29.7,23.7,38,2.6,0.0,2.6
2018-08-02,22.1,25.1,19.1,57,2.9,0.0,7.4
2018-08-03,25.6,28.6,22.6,51,2.6,0.0,4.1
2018-08-04,27.2,30.2,24.2,65,3.0,0.0,11.0
2018-08-05,33.7,36.7,30.7,59,5.0,0.0,9.0
2018-08-06,25.3,28.3,22.3,49,6.2,0.0,9.7
2018-08-07,26.4,29.4,23.4,56,2.7,0.0,2.1
2018-08-08,28.1,31.1,25.1,54,8.0,0.0,9.5
2018-08-09,25.7,28.7,22.7,58,2.6,0.0,11.5
2018-08-10,19.4,22.4,16.4,55,3.4,0.0,9.5
2018-08-11,29.2,32.2,26.2,54,3.3,0.0,8.0
2018-08-12,28.9,31.9,25.9,59,2.7,0.0,4.2
2018-08-13,25.9,28.9,22.9,55,2.7,0.0,2.3
2018-08-14,20.9,23.9,17.9,61,3.1,0.0,8.8
2018-08-15,24.2,27.2,21.2,59,2.9,0.0,3.7
2018-08-16,29.0,32.0,26.0,56,3.0,0.0,3.3
2018-08-17,26.5,29.5,23.5,50,2.7,0.0,2.3
2018-08-18,28.7,31.7,25.7,42,2.6,0.0,7.6
2018-08-19,33.9,36.9,30.9,46,3.0,29.25,3.4
2018-08-20,30.8,33.8,27.8,49,2.9,0.0,2.5
2018-08-21,19.9,22.9,16.9,55,2.9,0.0,4.1
2018-08-22,26.9,29.9,23.9,55,4.7,0.0,9.6
2018-08-23,24.5,27.5,21.5,62,3.4,0.0,9.5
2018-08-24,28.0,31.0,25.0,62,2.7,0.0,4.5
2018-08-25,25.8,28.8,22.8,65,3.1,1.6500000000000001,7.4
2018-08-26,30.6,33.6,27.6,56,5.2,0.0,5.5
2018-08-27,27.3,30.3,24.3,39,3.2,0.0,9.8
2018-08-28,25.6,28.6,22.6,82,5.2,0.0,9.5
2018-08-29,24.6,27.6,21.6,48,5.0,0.0,4.0
2018-08-30,27.6,30.6,24.6,49,3.6,7.5,3.3
2018-08-31,32.8,35.8,29.8,54,2.7,0.0,7.6
2018-09-01,19.8,22.8,16.8,58,3.3,0.0,9.0
2018-09-02,23.3,26.3,20.3,60,3.8,0.0,3.7
2018-09-03,24.2,27.2,21.2,59,3.2,0.0,9.5
2018-09-04,28.2,31.2,25.2,69,3.0,24.7,11.6
2018-09-05,20.9,23.9,17.9,64,3.3,1.3,5.1
2018-09-06,23.5,26.5,20.5,61,4.7,0.0,11.6
2018-09-07,28.7,31.7,25.7,57,3.0,0.0,9.2
2018-09-08,24.7,27.7,21.7,57,5.2,20.9,8.3
2018-09-09,22.9,25.9,19.9,36,4.0,23.3,10.5
2018-09-10,22.4,25.4,19.4,59,3.1,0.0,3.2
2018-09-11,24.7,27.7,21.7,64,3.2,0.0,9.8
2018-09-12,22.4,25.4,19.4,70,3.0,0.0,6.3
2018-09-13,21.3,24.3,18.3,51,3.8,0.0,7.1
2018-09-14,21.5,24.5,18.5,62,2.9,0.0,10.5
2018-09-15,23.4,26.4,20.4,50,5.7,0.0,3.1
2018-09-16,25.8,28.8,22.8,72,3.3,0.0,8.4
2018-09-17,22.7,25.7,19.7,54,3.4,0.0,9.1
2018-09-18,24.2,27.2,21.2,61,4.0,0.0,9.3
2018-09-19,22.1,25.1,19.1,61,2.6,0.0,4.7
2018-09-20,26.4,29.4,23.4,55,2.5,0.0,7.4
2018-09-21,22.0,25.0,19.0,77,3.0,0.0,6.4
2018-09-22,22.9,25.9,19.9,53,2.9,0.0,4.7
2018-09-23,24.5,27.5,21.5,45,3.3,0.0,10.3
2018-09-24,26.1,29.1,23.1,43,2.8,26.5,4.4
2018-09-25,20.1,23.1,17.1,67,2.7,0.0,8.1
2018-09-26,24.1,27.1,21.1,68,2.7,0.0,2.3
2018-09-27,19.9,22.9,16.9,71,3.6,0.0,3.8
2018-09-28,22.1,25.1,19.1,48,2.5,0.0,10.0
2018-09-29,19.9,22.9,16.9,58,3.1,0.0,10.8
2018-09-30,17.5,20.5,14.5,40,2.5,0.0,4.8
2018-10-01,20.9,23.9,17.9,53,3.0,28.5,2.9
2018-10-02,14.4,17.4,11.4,77,3.1,0.0,6.9
2018-10-03,18.8,21.8,15.8,61,2.6,0.0,8.9
2018-10-04,17.3,20.3,14.3,57,5.5,0.0,6.9
2018-10-05,17.0,20.0,14.0,64,3.1,0.0,2.9
2018-10-06,19.3,22.3,16.3,81,3.5,0.0,8.9
2018-10-07,18.1,21.1,15.1,66,3.2,0.0,7.8
2018-10-08,23.4,26.4,20.4,52,3.1,0.0,7.3
2018-10-09,16.0,19.0,13.0,62,2.7,0.0,9.5
2018-10-10,21.0,24.0,18.0,59,2.8,0.0,9.0
2018-10-11,10.6,13.6,7.6,68,2.6,0.0,4.5
2018-10-12,17.6,20.6,14.6,57,2.9,6.2,3.2
2018-10-13,18.2,21.2,15.2,46,4.3,0.0,9.6
2018-10-14,18.8,21.8,15.8,52,2.6,6.9,6.8
2018-10-15,16.9,19.9,13.9,70,3.1,0.0,11.8
2018-10-16,14.4,17.4,11.4,66,3.2,0.0,4.8
2018-10-17,21.4,24.4,18.4,89,3.3,6.2,4.3
2018-10-18,15.1,18.1,12.1,66,3.3,0.9,7.3
2018-10-19,22.5,25.5,19.5,66,2.6,0.0,11.7
2018-10-20,12.7,15.7,9.7,72,3.2,0.0,9.0
2018-10-21,19.2,22.2,16.2,70,2.6,26.1,6.9
2018-10-22,18.3,21.3,15.3,62,2.7,0.0,7.7
2018-10-23,18.4,21.4,15.4,69,4.0,0.0,6.4
2018-10-24,14.1,17.1,11.1,53,4.9,2.0,11.4
2018-10-25,15.3,18.3,12.3,61,3.4,0.0,10.2
2018-10-26,17.8,20.8,14.8,58,3.5,0.0,2.7
2018-10-27,17.9,20.9,14.9,65,2.6,0.0,2.5
2018-10-28,20.9,23.9,17.9,54,3.0,17.1,5.0
2018-10-29,18.9,21.9,15.9,65,3.3,0.0,3.2
2018-10-30,14.2,17.2,11.2,50,2.9,0.0,8.1
2018-10-31,13.6,16.6,10.6,55,3.4,0.0,4.3
2018-11-01,12.4,15.4,9.4,70,2.7,0.0,6.5
2018-11-02,14.8,17.8,11.8,70,5.2,0.0,10.6
2018-11-03,12.7,15.7,9.7,62,3.3,0.0,5.1
2018-11-04,12.1,15.1,9.1,88,3.4,0.0,8.1
2018-11-05,13.1,16.1,10.1,50,3.6,0.0,11.5
2018-11-06,18.8,21.8,15.8,54,3.1,0.0,4.1
2018-11-07,9.6,12.6,6.6,55,3.0,0.0,3.6
2018-11-08,12.1,15.1,9.1,74,2.5,2.7,2.0
2018-11-09,12.4,15.4,9.4,55,3.8,0.0,7.9
2018-11-10,15.2,18.2,12.2,45,3.0,0.0,4.3
2018-11-11,12.3,15.3,9.3,56,3.8,0.0,9.0
2018-11-12,10.6,13.6,7.6,67,2.7,0.0,8.9
2018-11-13,16.7,19.7,13.7,67,2.9,0.0,9.9
2018-11-14,9.8,12.8,6.8,69,2.9,0.0,8.6
2018-11-15,17.0,20.0,14.0,58,3.7,0.0,6.3
2018-11-16,11.7,14.7,8.7,72,2.7,0.0,8.5
2018-11-17,17.2,20.2,14.2,54,2.6,0.0,10.3
2018-11-18,7.8,10.8,4.8,84,2.5,5.4,5.1
2018-11-19,11.0,14.0,8.0,55,2.6,0.0,7.7
2018-11-20,9.4,12.4,6.4,72,2.8,0.0,3.2
2018-11-21,13.1,16.1,10.1,73,3.0,0.0,9.0
2018-11-22,14.7,17.7,11.7,65,2.5,0.0,7.0
2018-11-23,19.8,22.8,16.8,50,2.9,0.0,2.8
2018-11-24,9.0,12.0,6.0,63,3.7,13.2,5.2
2018-11-25,10.4,13.4,7.4,56,4.6,0.0,2.9
2018-11-26,15.4,18.4,12.4,47,2.6,0.0,10.4
2018-11-27,20.1,23.1,17.1,55,4.4,0.0,11.5
2018-11-28,15.3,18.3,12.3,57,2.8,0.0,8.7
2018-11-29,11.2,14.2,8.2,83,2.6,0.0,2.4
2018-11-30,10.5,13.5,7.5,72,2.7,0.0,6.7
2018-12-01,16.1,19.1,13.1,49,2.8,0.0,11.2
2018-12-02,4.4,7.4,1.4,58,2.8,17.8,8.3
2018-12-03,11.7,14.7,8.7,58,4.1,0.0,2.9
2018-12-04,14.1,17.1,11.1,67,2.5,0.0,5.3
2018-12-05,11.8,14.8,8.8,66,7.1,0.0,10.6
2018-12-06,11.4,14.4,8.4,48,2.9,0.0,8.9
2018-12-07,15.0,18.0,12.0,58,3.9,0.0,11.5
2018-12-08,9.4,12.4,6.4,65,8.2,0.0,7.5
2018-12-09,17.5,20.5,14.5,66,3.0,0.0,5.1
2018-12-10,14.0,17.0,11.0,64,2.7,0.0,11.7
2018-12-11,9.6,12.6,6.6,60,4.1,0.0,7.1
2018-12-12,12.4,15.4,9.4,45,3.0,0.0,8.6
2018-12-13,13.6,16.6,10.6,79,2.8,0.0,6.1
2018-12-14,11.8,14.8,8.8,47,3.0,11.2,9.6
2018-12-15,14.7,17.7,11.7,57,3.2,0.0,9.6
2018-12-16,8.8,11.8,5.8,71,3.3,0.0,7.5
2018-12-17,12.9,15.9,9.9,44,4.0,0.0,6.4
2018-12-18,10.0,13.0,7.0,77,3.7,0.0,3.2
2018-12-19,12.5,15.5,9.5,69,2.7,0.0,8.1
2018-12-20,9.9,12.9,6.9,68,4.6,0.0,3.6
2018-12-21,4.8,7.8,1.8,71,2.6,0.0,7.5
2018-12-22,14.4,17.4,11.4,60,2.5,29.8,11.1
2018-12-23,14.3,17.3,11.3,62,3.0,0.0,3.2
2018-12-24,17.5,20.5,14.5,44,3.1,0.0,7.0
2018-12-25,14.2,17.2,11.2,65,2.6,0.0,7.1
2018-12-26,10.3,13.3,7.3,53,4.2,0.0,10.3
2018-12-27,13.7,16.7,10.7,60,2.6,0.0,4.4
2018-12-28,12.3,15.3,9.3,71,3.6,0.0,5.8
2018-12-29,15.7,18.7,12.7,56,2.7,0.0,7.1
2018-12-30,11.6,14.6,8.6,59,4.4,0.0,10.6
2018-12-31,12.3,15.3,9.3,80,3.3,0.0,9.9
2019-01-01,15.2,18.2,12.2,74,3.1,0.0,11.3
2019-01-02,9.5,12.5,6.5,80,3.5,0.0,10.2
2019-01-03,7.7,10.7,4.7,80,2.9,0.0,5.0
2019-01-04,17.8,20.8,14.8,42,3.1,0.0,12.0
2019-01-05,16.0,19.0,13.0,54,3.3,0.0,3.5
2019-01-06,12.8,15.8,9.8,58,4.7,0.0,5.5
2019-01-07,11.0,14.0,8.0,76,5.3,0.0,7.4
2019-01-08,7.5,10.5,4.5,57,3.3,0.0,5.2
2019-01-09,14.8,17.8,11.8,67,3.0,21.1,7.7
2019-01-10,9.9,12.9,6.9,63,2.5,0.0,9.8
2019-01-11,11.6,14.6,8.6,66,3.8,22.5,9.1
2019-01-12,9.1,12.1,6.1,67,3.3,0.0,5.9
2019-01-13,12.6,15.6,9.6,51,4.1,0.0,10.2
2019-01-14,9.8,12.8,6.8,64,3.8,0.0,7.0
2019-01-15,15.1,18.1,12.1,55,3.2,15.3,7.9
2019-01-16,16.8,19.8,13.8,60,3.7,0.0,10.7
2019-01-17,18.5,21.5,15.5,64,3.5,0.0,7.3
2019-01-18,15.7,18.7,12.7,71,3.7,0.0,9.2
2019-01-19,14.8,17.8,11.8,73,3.0,0.0,8.5
2019-01-20,18.8,21.8,15.8,58,4.6,14.3,11.7
2019-01-21,10.7,13.7,7.7,52,5.2,0.0,8.9
2019-01-22,9.6,12.6,6.6,68,3.6,0.0,10.5
2019-01-23,11.0,14.0,8.0,71,4.6,0.0,10.6
2019-01-24,16.3,19.3,13.3,62,2.9,0.0,5.2
2019-01-25,13.2,16.2,10.2,56,2.8,0.0,9.6
2019-01-26,15.4,18.4,12.4,66,3.1,0.0,2.4
2019-01-27,15.1,18.1,12.1,67,3.7,19.1,11.2
2019-01-28,20.4,23.4,17.4,61,3.7,0.0,9.5
2019-01-29,15.6,18.6,12.6,56,5.5,0.0,3.0
2019-01-30,18.9,21.9,15.9,57,3.8,0.0,10.7
2019-01-31,15.1,18.1,12.1,82,4.6,0.0,8.9
2019-02-01,14.9,17.9,11.9,62,4.4,0.0,2.5
2019-02-02,19.7,22.7,16.7,65,2.6,0.0,4.9
2019-02-03,18.0,21.0,15.0,57,4.2,0.0,3.5
2019-02-04,14.9,17.9,11.9,67,3.6,0.0,7.7
2019-02-05,16.5,19.5,13.5,71,3.0,0.0,3.7
2019-02-06,14.5,17.5,11.5,62,4.7,26.2,8.2
2019-02-07,21.5,24.5,18.5,64,2.7,0.0,11.1
2019-02-08,20.6,23.6,17.6,73,4.8,14.1,4.5
2019-02-09,12.2,15.2,9.2,78,2.6,0.0,2.1
2019-02-10,13.5,16.5,10.5,75,3.1,0.0,11.0
2019-02-11,18.8,21.8,15.8,63,4.2,0.0,3.6
2019-02-12,10.5,13.5,7.5,55,2.8,0.0,5.5
2019-02-13,14.4,17.4,11.4,60,6.0,0.0,8.4
2019-02-14,13.9,16.9,10.9,65,2.9,0.0,4.5
2019-02-15,22.1,25.1,19.1,83,2.5,0.0,4.0
2019-02-16,13.8,16.8,10.8,65,2.5,0.0,6.8
2019-02-17,21.4,24.4,18.4,45,2.6,0.0,7.7
2019-02-18,14.7,17.7,11.7,45,2.7,0.0,11.9
2019-02-19,14.4,17.4,11.4,63,2.5,0.0,11.8
2019-02-20,12.1,15.1,9.1,65,2.6,0.0,4.7
2019-02-21,19.4,22.4,16.4,59,3.8,0.0,8.9
2019-02-22,17.7,20.7,14.7,63,6.1,0.0,2.5
2019-02-23,18.7,21.7,15.7,75,3.0,0.0,7.0
2019-02-24,18.7,21.7,15.7,51,7.8,0.0,4.9
2019-02-25,22.3,25.3,19.3,56,3.2,0.0,8.1
2019-02-26,11.2,14.2,8.2,50,3.2,0.0,8.4
2019-02-27,21.0,24.0,18.0,52,4.6,0.0,8.8
2019-02-28,16.1,19.1,13.1,66,4.8,0.0,8.6
2019-03-01,18.1,21.1,15.1,50,3.8,0.0,8.3
2019-03-02,21.1,24.1,18.1,58,3.0,0.0,8.5
2019-03-03,19.2,22.2,16.2,72,3.5,0.0,6.4
2019-03-04,25.7,28.7,22.7,66,4.8,0.0,9.3
2019-03-05,18.4,21.4,15.4,58,2.9,9.2,9.5
2019-03-06,27.1,30.1,24.1,51,2.5,4.4,7.4
2019-03-07,25.2,28.2,22.2,50,3.6,0.0,7.3
2019-03-08,24.4,27.4,21.4,64,4.0,0.0,10.3
2019-03-09,20.2,23.2,17.2,79,6.6,0.0,10.2
2019-03-10,17.9,20.9,14.9,64,2.8,0.0,10.1
2019-03-11,23.4,26.4,20.4,60,2.7,0.0,5.4
2019-03-12,21.3,24.3,18.3,64,3.0,28.9,3.4
2019-03-13,18.2,21.2,15.2,73,4.6,0.0,10.6
2019-03-14,20.0,23.0,17.0,51,2.6,0.0,11.8
2019-03-15,26.4,29.4,23.4,46,2.8,0.0,10.0
2019-03-16,23.3,26.3,20.3,43,3.3,0.0,9.9
2019-03-17,24.3,27.3,21.3,66,3.6,16.3,6.5
2019-03-18,24.9,27.9,21.9,56,3.5,0.0,8.7
2019-03-19,21.7,24.7,18.7,56,3.3,0.0,10.2
2019-03-20,23.2,26.2,20.2,76,4.0,0.0,3.1
2019-03-21,19.5,22.5,16.5,54,2.6,0.0,2.3
2019-03-22,27.3,30.3,24.3,63,2.9,0.0,7.6
2019-03-23,20.4,23.4,17.4,61,2.6,0.0,4.2
2019-03-24,19.2,22.2,16.2,75,3.6,24.8,11.1
2019-03-25,22.8,25.8,19.8,61,2.7,0.0,6.1
2019-03-26,27.2,30.2,24.2,55,4.0,28.4,5.0
2019-03-27,20.0,23.0,17.0,67,2.7,0.0,3.0
2019-03-28,26.6,29.6,23.6,62,2.9,0.0,3.4
2019-03-29,22.9,25.9,19.9,53,2.9,0.0,8.7
2019-03-30,21.2,24.2,18.2,57,2.9,0.0,11.5
2019-03-31,16.8,19.8,13.8,73,2.5,0.0,9.4
2019-04-01,26.1,29.1,23.1,51,3.6,12.7,3.0
2019-04-02,27.4,30.4,24.4,47,2.6,0.0,6.1
2019-04-03,25.3,28.3,22.3,52,2.6,0.0,2.3
2019-04-04,25.7,28.7,22.7,77,4.3,0.0,6.4
2019-04-05,30.1,33.1,27.1,47,2.9,0.0,10.6
2019-04-06,22.0,25.0,19.0,51,2.6,20.7,7.4
2019-04-07,27.2,30.2,24.2,63,4.1,0.0,5.6
2019-04-08,27.6,30.6,24.6,78,2.6,0.0,3.9
2019-04-09,24.0,27.0,21.0,62,3.0,25.5,6.5
2019-04-10,30.8,33.8,27.8,60,3.7,0.0,8.4
2019-04-11,24.3,27.3,21.3,62,2.9,0.0,2.2
2019-04-12,26.8,29.8,23.8,48,4.4,0.0,4.4
2019-04-13,25.2,28.2,22.2,58,6.2,17.2,2.7
2019-04-14,26.5,29.5,23.5,58,5.0,0.0,4.1
2019-04-15,20.6,23.6,17.6,52,3.1,0.0,10.7
2019-04-16,28.4,31.4,25.4,66,2.6,0.0,3.5
2019-04-17,29.2,32.2,26.2,69,2.7,0.0,2.0
2019-04-18,27.4,30.4,24.4,55,3.0,0.0,3.4
2019-04-19,27.2,30.2,24.2,78,3.8,7.9,3.7
2019-04-20,21.5,24.5,18.5,57,3.0,0.0,2.3
2019-04-21,26.7,29.7,23.7,68,2.7,23.8,4.4
2019-04-22,24.4,27.4,21.4,63,2.8,0.0,3.7
2019-04-23,30.1,33.1,27.1,62,2.8,22.4,7.3
2019-04-24,24.4,27.4,21.4,47,3.4,0.0,6.8
2019-04-25,30.2,33.2,27.2,62,3.2,0.0,7.1
2019-04-26,24.1,27.1,21.1,38,3.0,15.4,11.5
2019-04-27,25.5,28.5,22.5,45,3.3,23.6,10.7
2019-04-28,25.0,28.0,22.0,81,4.2,0.0,6.6
2019-04-29,27.1,30.1,24.1,72,4.4,0.0,2.6
2019-04-30,29.4,32.4,26.4,62,5.6,0.0,6.0
2019-05-01,27.9,30.9,24.9,47,4.7,0.0,6.9
2019-05-02,31.2,34.2,28.2,49,2.7,0.0,2.7
2019-05-03,27.0,30.0,24.0,57,2.6,27.599999999999998,2.7
2019-05-04,28.3,31.3,25.3,53,2.9,0.0,8.3
2019-05-05,27.2,30.2,24.2,44,4.3,0.0,5.3
2019-05-06,34.7,37.7,31.7,62,3.5,0.0,7.3
2019-05-07,35.9,38.9,32.9,62,3.5,0.0,8.1
2019-05-08,30.8,33.8,27.8,60,3.0,31.799999999999997,10.5
2019-05-09,31.1,34.1,28.1,70,2.5,0.0,9.7
2019-05-10,33.4,36.4,30.4,62,2.7,0.0,4.2
2019-05-11,27.7,30.7,24.7,55,3.4,0.0,4.3
2019-05-12,26.2,29.2,23.2,44,4.3,0.0,6.5
2019-05-13,31.4,34.4,28.4,55,3.4,0.0,3.0
2019-05-14,34.2,37.2,31.2,37,3.2,0.0,8.7
2019-05-15,30.4,33.4,27.4,56,4.3,0.0,3.5
2019-05-16,28.2,31.2,25.2,57,3.4,0.0,2.7
2019-05-17,27.5,30.5,24.5,63,3.0,0.0,2.9
2019-05-18,25.6,28.6,22.6,70,3.0,33.45,10.1
2019-05-19,33.0,36.0,30.0,62,2.5,0.0,7.9
2019-05-20,34.6,37.6,31.6,37,3.1,0.0,5.3
2019-05-21,29.5,32.5,26.5,70,2.7,16.35,8.7
2019-05-22,28.5,31.5,25.5,60,2.9,0.0,10.7
2019-05-23,26.6,29.6,23.6,54,3.1,0.0,11.7
2019-05-24,31.3,34.3,28.3,42,3.6,0.0,5.5
2019-05-25,29.0,32.0,26.0,49,3.6,0.0,4.1
2019-05-26,30.5,33.5,27.5,30,2.6,0.0,4.2
2019-05-27,32.1,35.1,29.1,66,2.6,38.099999999999994,5.7
2019-05-28,34.2,37.2,31.2,48,3.3,0.0,7.7
2019-05-29,29.8,32.8,26.8,47,2.8,0.0,10.5
2019-05-30,34.3,37.3,31.3,53,3.1,0.0,10.2
2019-05-31,33.3,36.3,30.3,52,3.4,0.0,8.4
2019-06-01,27.1,30.1,24.1,61,3.4,41.849999999999994,10.3
2019-06-02,26.4,29.4,23.4,71,7.2,0.0,3.8
2019-06-03,33.0,36.0,30.0,59,3.3,0.0,5.1
2019-06-04,28.0,31.0,25.0,54,2.9,0.0,2.1
2019-06-05,31.2,34.2,28.2,69,4.6,0.0,7.7
2019-06-06,32.1,35.1,29.1,42,3.5,0.0,3.4
2019-06-07,35.0,38.0,32.0,53,7.1,0.0,2.3
2019-06-08,33.2,36.2,30.2,46,3.0,0.0,4.2
2019-06-09,30.1,33.1,27.1,70,3.5,0.0,5.4
2019-06-10,32.8,35.8,29.8,69,3.3,0.0,9.2
2019-06-11,31.5,34.5,28.5,46,3.3,0.0,7.7
2019-06-12,34.8,37.8,31.8,52,4.9,3.1500000000000004,3.6
2019-06-13,30.7,33.7,27.7,66,3.8,0.0,8.7
2019-06-14,27.8,30.8,24.8,51,2.9,0.0,8.6
2019-06-15,31.4,34.4,28.4,49,3.1,0.0,6.4
2019-06-16,31.7,34.7,28.7,56,4.8,0.0,9.5
2019-06-17,30.0,33.0,27.0,49,3.2,19.799999999999997,4.8
2019-06-18,31.1,34.1,28.1,56,2.7,0.0,6.9
2019-06-19,26.0,29.0,23.0,52,3.7,0.0,2.5
2019-06-20,28.3,31.3,25.3,56,4.7,0.0,8.0
2019-06-21,35.1,38.1,32.1,43,4.0,14.100000000000001,4.1
2019-06-22,32.0,35.0,29.0,60,3.5,12.0,5.3
2019-06-23,35.7,38.7,32.7,41,3.1,33.75,3.8
2019-06-24,35.4,38.4,32.4,50,2.6,0.0,9.0
2019-06-25,22.2,25.2,19.2,80,2.9,0.0,10.3
2019-06-26,37.1,40.1,34.1,60,5.2,0.0,2.7
2019-06-27,33.9,36.9,30.9,65,2.6,0.0,2.4
2019-06-28,29.1,32.1,26.1,52,4.6,41.55,10.6
2019-06-29,34.5,37.5,31.5,61,3.6,0.0,7.7
2019-06-30,28.4,31.4,25.4,56,2.9,0.0,6.2
2019-07-01,31.9,34.9,28.9,47,2.7,1.6500000000000001,5.2
2019-07-02,33.8,36.8,30.8,64,3.1,0.0,8.2
2019-07-03,29.4,32.4,26.4,47,2.9,0.0,11.2
2019-07-04,28.7,31.7,25.7,59,4.3,38.099999999999994,4.4
2019-07-05,28.6,31.6,25.6,61,3.8,0.0,7.2
2019-07-06,34.2,37.2,31.2,61,2.7,0.0,5.1
2019-07-07,29.3,32.3,26.3,49,3.0,0.0,5.3
2019-07-08,32.7,35.7,29.7,62,5.1,23.4,3.1
2019-07-09,27.4,30.4,24.4,66,2.9,0.0,11.1
2019-07-10,27.9,30.9,24.9,57,3.5,0.0,9.3
2019-07-11,34.0,37.0,31.0,39,4.3,0.0,10.2
2019-07-12,33.1,36.1,30.1,54,2.7,0.0,3.5
2019-07-13,26.1,29.1,23.1,73,4.0,27.450000000000003,9.6
2019-07-14,30.3,33.3,27.3,80,4.9,0.0,3.8
2019-07-15,26.8,29.8,23.8,51,3.4,0.0,6.9
2019-07-16,27.7,30.7,24.7,77,3.2,0.0,9.6
2019-07-17,30.0,33.0,27.0,52,6.2,0.0,11.2
2019-07-18,31.9,34.9,28.9,56,2.9,0.0,8.4
2019-07-19,33.3,36.3,30.3,63,2.8,0.0,10.6
2019-07-20,37.0,40.0,34.0,60,3.2,0.0,3.5
2019-07-21,31.8,34.8,28.8,58,4.4,20.25,5.0
2019-07-22,30.5,33.5,27.5,69,3.0,0.0,2.6
2019-07-23,30.5,33.5,27.5,68,2.8,0.0,5.1
2019-07-24,27.2,30.2,24.2,57,3.7,0.0,2.6
2019-07-25,27.0,30.0,24.0,48,5.6,0.0,2.8
2019-07-26,32.7,35.7,29.7,60,3.5,0.0,10.6
2019-07-27,32.1,35.1,29.1,60,3.4,0.0,7.1
2019-07-28,30.3,33.3,27.3,61,3.3,0.0,7.5
2019-07-29,31.0,34.0,28.0,44,3.4,0.0,11.0
2019-07-30,30.4,33.4,27.4,57,7.2,0.0,10.1
2019-07-31,34.1,37.1,31.1,51,2.7,0.0,5.2
2019-08-01,28.6,31.6,25.6,56,5.4,0.0,3.5
2019-08-02,30.1,33.1,27.1,61,2.7,5.4,11.0
2019-08-03,29.3,32.3,26.3,70,2.6,0.0,9.1
2019-08-04,24.9,27.9,21.9,62,3.1,0.0,3.7
2019-08-05,29.2,32.2,26.2,35,3.7,0.0,6.4
2019-08-06,27.5,30.5,24.5,76,3.1,0.0,7.2
2019-08-07,30.1,33.1,27.1,52,2.9,17.25,4.8
2019-08-08,29.6,32.6,26.6,47,2.9,0.0,5.4
2019-08-09,25.7,28.7,22.7,66,3.7,0.0,9.9
2019-08-10,26.6,29.6,23.6,52,2.9,0.0,2.7
2019-08-11,30.9,33.9,27.9,53,3.7,30.75,4.8
2019-08-12,27.6,30.6,24.6,52,3.3,0.0,8.6
2019-08-13,26.6,29.6,23.6,55,3.2,0.0,10.7
2019-08-14,29.0,32.0,26.0,57,3.2,0.0,7.8
2019-08-15,26.7,29.7,23.7,66,2.8,16.200000000000003,11.7
2019-08-16,26.4,29.4,23.4,64,3.2,0.0,5.9
2019-08-17,30.6,33.6,27.6,42,7.8,0.0,11.4
2019-08-18,28.5,31.5,25.5,49,2.6,0.0,5.8
2019-08-19,21.6,24.6,18.6,64,2.6,0.0,10.1
2019-08-20,24.9,27.9,21.9,64,2.8,0.0,10.3
2019-08-21,28.8,31.8,25.8,40,3.6,0.0,8.9
2019-08-22,21.4,24.4,18.4,52,4.7,0.0,8.5
2019-08-23,28.6,31.6,25.6,68,2.9,0.0,5.6
2019-08-24,29.5,32.5,26.5,60,3.4,0.0,3.8
2019-08-25,29.1,32.1,26.1,63,3.3,0.0,11.5
2019-08-26,30.3,33.3,27.3,46,2.7,0.0,4.3
2019-08-27,28.9,31.9,25.9,61,4.2,4.199999999999999,10.4
2019-08-28,22.8,25.8,19.8,57,2.6,34.8,10.4
2019-08-29,28.5,31.5,25.5,59,3.6,0.0,2.4
2019-08-30,26.9,29.9,23.9,59,3.4,0.0,9.7
2019-08-31,29.2,32.2,26.2,64,5.9,17.4,3.6
2019-09-01,22.6,25.6,19.6,49,3.7,0.0,9.7
2019-09-02,22.0,25.0,19.0,63,4.3,0.0,3.7
2019-09-03,16.6,19.6,13.6,45,2.8,0.0,6.1
2019-09-04,23.3,26.3,20.3,70,5.7,0.0,4.4
2019-09-05,21.5,24.5,18.5,58,3.2,0.0,4.8
2019-09-06,21.4,24.4,18.4,56,2.6,0.0,6.5
2019-09-07,21.0,24.0,18.0,57,5.6,0.0,5.1
2019-09-08,20.7,23.7,17.7,42,4.8,0.0,6.7
2019-09-09,25.1,28.1,22.1,73,3.7,0.0,5.7
2019-09-10,24.4,27.4,21.4,61,3.3,0.0,11.8
2019-09-11,23.8,26.8,20.8,54,3.3,0.0,4.8
2019-09-12,23.7,26.7,20.7,57,2.8,0.0,7.3
2019-09-13,22.5,25.5,19.5,69,3.5,0.0,10.2
2019-09-14,23.0,26.0,20.0,63,3.5,0.0,3.4
2019-09-15,21.6,24.6,18.6,48,3.0,0.0,8.4
2019-09-16,20.4,23.4,17.4,64,6.2,0.0,7.5
2019-09-17,19.9,22.9,16.9,42,2.8,25.5,10.5
2019-09-18,20.1,23.1,17.1,61,2.7,0.0,9.6
2019-09-19,19.7,22.7,16.7,66,2.8,0.0,11.1
2019-09-20,20.8,23.8,17.8,59,2.9,13.4,11.5
2019-09-21,20.4,23.4,17.4,62,4.7,0.0,6.5
2019-09-22,27.3,30.3,24.3,44,2.9,0.0,2.3
2019-09-23,23.5,26.5,20.5,66,2.9,15.3,4.4
2019-09-24,22.2,25.2,19.2,59,2.6,0.0,5.7
2019-09-25,20.9,23.9,17.9,41,3.2,28.0,10.4
2019-09-26,16.4,19.4,13.4,66,3.6,0.0,9.9
2019-09-27,25.0,28.0,22.0,76,2.6,9.0,10.3
2019-09-28,15.4,18.4,12.4,59,3.2,0.0,3.4
2019-09-29,21.9,24.9,18.9,67,2.5,0.0,6.5
2019-09-30,25.8,28.8,22.8,55,4.0,2.8,4.6
2019-10-01,12.0,15.0,9.0,65,3.1,0.0,7.5
2019-10-02,21.1,24.1,18.1,70,3.2,0.0,7.3
2019-10-03,20.3,23.3,17.3,55,3.2,9.0,5.0
2019-10-04,17.0,20.0,14.0,63,2.6,12.9,9.9
2019-10-05,16.2,19.2,13.2,63,2.8,0.0,3.1
2019-10-06,20.9,23.9,17.9,52,3.2,0.0,8.0
2019-10-07,17.2,20.2,14.2,58,3.0,15.7,4.4
2019-10-08,17.0,20.0,14.0,70,3.7,13.2,8.1
2019-10-09,19.1,22.1,16.1,53,3.8,0.0,6.2
2019-10-10,22.7,25.7,19.7,53,2.6,0.0,2.9
2019-10-11,18.9,21.9,15.9,59,3.1,0.0,2.7
2019-10-12,18.8,21.8,15.8,77,3.2,0.0,7.1
2019-10-13,17.9,20.9,14.9,67,2.8,0.0,7.5
2019-10-14,16.5,19.5,13.5,71,4.2,0.0,6.7
2019-10-15,20.2,23.2,17.2,57,3.5,0.0,11.8
2019-10-16,18.2,21.2,15.2,52,2.7,0.0,2.2
2019-10-17,13.4,16.4,10.4,60,2.5,0.0,5.4
2019-10-18,17.6,20.6,14.6,47,3.2,0.0,8.3
2019-10-19,12.0,15.0,9.0,64,3.7,0.0,9.4
2019-10-20,14.1,17.1,11.1,77,4.6,0.0,2.4
2019-10-21,21.1,24.1,18.1,69,2.8,0.0,10.1
2019-10-22,16.6,19.6,13.6,63,3.0,23.5,6.6
2019-10-23,20.7,23.7,17.7,73,4.5,0.0,8.3
2019-10-24,16.4,19.4,13.4,51,2.6,0.0,2.6
2019-10-25,16.6,19.6,13.6,61,4.8,0.0,6.6
2019-10-26,20.6,23.6,17.6,61,2.6,0.0,2.4
2019-10-27,14.8,17.8,11.8,54,3.0,1.7,11.3
2019-10-28,15.6,18.6,12.6,75,2.7,0.0,11.9
2019-10-29,16.0,19.0,13.0,78,3.8,0.0,4.5
2019-10-30,14.6,17.6,11.6,67,2.7,0.0,3.9
2019-10-31,19.5,22.5,16.5,70,3.0,0.0,9.8
2019-11-01,12.0,15.0,9.0,49,2.6,0.0,5.3
2019-11-02,15.4,18.4,12.4,64,2.9,11.4,10.9
2019-11-03,10.2,13.2,7.2,71,3.5,0.0,10.9
2019-11-04,13.6,16.6,10.6,71,5.1,0.0,11.7
2019-11-05,9.6,12.6,6.6,53,3.0,0.0,7.0
2019-11-06,15.0,18.0,12.0,80,5.1,0.0,7.2
2019-11-07,10.3,13.3,7.3,60,3.2,0.0,9.3
2019-11-08,9.9,12.9,6.9,65,2.7,18.3,10.2
2019-11-09,8.4,11.4,5.4,49,2.9,0.0,5.2
2019-11-10,13.9,16.9,10.9,63,3.6,20.0,5.1
2019-11-11,14.0,17.0,11.0,70,4.4,0.0,6.3
2019-11-12,13.0,16.0,10.0,73,2.5,0.0,5.5
2019-11-13,12.2,15.2,9.2,51,2.6,26.2,5.5
2019-11-14,12.7,15.7,9.7,51,2.9,0.0,4.7
2019-11-15,5.9,8.9,2.9,56,3.5,0.0,11.5
2019-11-16,18.1,21.1,15.1,61,2.7,19.3,5.6
2019-11-17,10.9,13.9,7.9,67,4.8,0.0,8.8
2019-11-18,15.3,18.3,12.3,70,2.5,0.0,3.4
2019-11-19,12.2,15.2,9.2,67,2.8,0.0,9.8
2019-11-20,8.6,11.6,5.6,71,3.6,2.5,9.8
2019-11-21,10.7,13.7,7.7,67,3.6,0.0,5.8
2019-11-22,8.2,11.2,5.2,76,3.1,0.0,8.1
2019-11-23,10.6,13.6,7.6,51,2.5,0.0,11.5
2019-11-24,13.4,16.4,10.4,65,3.2,0.0,9.6
2019-11-25,15.6,18.6,12.6,40,3.0,0.0,7.3
2019-11-26,11.7,14.7,8.7,43,2.8,0.0,8.5
2019-11-27,14.0,17.0,11.0,50,4.4,0.0,3.1
2019-11-28,14.4,17.4,11.4,75,5.1,0.0,7.0
2019-11-29,14.3,17.3,11.3,62,2.9,0.0,7.6
2019-11-30,15.4,18.4,12.4,49,3.0,0.0,4.6
2019-12-01,7.6,10.6,4.6,76,3.5,0.0,12.0
2019-12-02,13.8,16.8,10.8,82,2.6,0.0,11.2
2019-12-03,10.2,13.2,7.2,56,4.7,0.0,3.2
2019-12-04,17.5,20.5,14.5,63,2.6,0.0,6.5
2019-12-05,9.3,12.3,6.3,55,2.7,0.0,6.5
2019-12-06,10.9,13.9,7.9,60,3.5,20.6,10.5
2019-12-07,18.5,21.5,15.5,43,2.6,0.0,5.5
2019-12-08,13.8,16.8,10.8,69,2.5,16.5,10.9
2019-12-09,10.1,13.1,7.1,63,4.1,0.0,9.1
2019-12-10,13.4,16.4,10.4,66,2.8,0.0,8.4
2019-12-11,8.0,11.0,5.0,64,3.0,0.0,7.1
2019-12-12,10.0,13.0,7.0,65,3.8,6.4,3.4
2019-12-13,15.8,18.8,12.8,64,2.8,0.0,2.3
2019-12-14,12.9,15.9,9.9,77,2.7,0.0,5.7
2019-12-15,15.5,18.5,12.5,72,6.7,0.0,7.5
2019-12-16,6.8,9.8,3.8,70,3.7,0.0,2.9
2019-12-17,13.4,16.4,10.4,44,2.7,0.0,12.0
2019-12-18,16.5,19.5,13.5,58,5.6,0.0,7.3
2019-12-19,11.9,14.9,8.9,67,5.5,0.0,10.2
2019-12-20,8.1,11.1,5.1,73,3.2,29.2,8.4
2019-12-21,15.9,18.9,12.9,47,2.7,0.0,8.8
2019-12-22,9.5,12.5,6.5,60,3.2,0.0,10.8
2019-12-23,8.1,11.1,5.1,66,3.8,0.0,8.4
2019-12-24,8.6,11.6,5.6,61,2.9,29.0,6.3
2019-12-25,17.0,20.0,14.0,66,3.2,0.0,2.6
2019-12-26,8.6,11.6,5.6,67,5.0,5.0,3.6
2019-12-27,12.6,15.6,9.6,69,2.5,0.0,9.1
2019-12-28,18.6,21.6,15.6,67,7.7,0.0,11.4
2019-12-29,15.7,18.7,12.7,67,3.0,0.0,10.5
2019-12-30,10.8,13.8,7.8,45,2.7,0.0,8.4
2019-12-31,14.8,17.8,11.8,59,2.5,0.0,3.3
2020-01-01,12.5,15.5,9.5,61,5.0,0.0,7.3
2020-01-02,15.6,18.6,12.6,75,4.0,0.0,3.7
2020-01-03,14.1,17.1,11.1,63,2.5,0.0,3.5
2020-01-04,11.7,14.7,8.7,50,3.1,0.0,9.2
2020-01-05,13.7,16.7,10.7,71,2.5,0.0,10.4
2020-01-06,8.6,11.6,5.6,48,5.9,0.0,10.3
2020-01-07,18.4,21.4,15.4,73,3.7,1.8,8.4
2020-01-08,15.2,18.2,12.2,75,2.8,0.0,8.5
2020-01-09,14.5,17.5,11.5,69,3.9,0.0,6.2
2020-01-10,13.3,16.3,10.3,51,3.4,0.0,7.0
2020-01-11,16.1,19.1,13.1,57,3.9,0.0,4.9
2020-01-12,16.0,19.0,13.0,53,3.3,0.0,6.8
2020-01-13,10.7,13.7,7.7,60,4.8,0.0,8.8
2020-01-14,16.9,19.9,13.9,65,3.3,0.0,2.7
2020-01-15,11.4,14.4,8.4,53,3.0,13.5,6.8
2020-01-16,13.3,16.3,10.3,65,5.8,0.0,8.1
2020-01-17,12.3,15.3,9.3,63,2.8,0.0,9.2
2020-01-18,11.0,14.0,8.0,65,2.8,0.0,10.6
2020-01-19,15.9,18.9,12.9,64,3.7,0.0,3.3
2020-01-20,13.4,16.4,10.4,68,3.5,0.0,7.6
2020-01-21,11.7,14.7,8.7,91,4.4,0.0,6.7
2020-01-22,16.8,19.8,13.8,67,4.0,0.0,4.5
2020-01-23,14.9,17.9,11.9,52,2.7,9.1,5.8
2020-01-24,18.6,21.6,15.6,69,8.4,0.0,4.5
2020-01-25,12.8,15.8,9.8,56,4.2,0.0,3.6
2020-01-26,14.8,17.8,11.8,70,4.8,0.0,7.8
2020-01-27,11.5,14.5,8.5,62,2.6,0.0,9.6
2020-01-28,14.7,17.7,11.7,70,3.7,0.0,7.1
2020-01-29,9.9,12.9,6.9,50,5.7,0.0,5.1
2020-01-30,13.1,16.1,10.1,63,3.9,28.4,7.1
2020-01-31,17.0,20.0,14.0,52,3.7,0.0,4.2
2020-02-01,21.5,24.5,18.5,61,3.4,0.0,2.5
2020-02-02,20.0,23.0,17.0,51,3.4,0.0,10.8
2020-02-03,20.2,23.2,17.2,61,4.6,0.0,6.7
2020-02-04,18.2,21.2,15.2,32,3.0,0.0,10.5
2020-02-05,19.8,22.8,16.8,59,4.1,0.0,10.8
2020-02-06,17.8,20.8,14.8,51,8.0,0.0,9.6
2020-02-07,21.0,24.0,18.0,64,4.0,0.0,6.0
2020-02-08,13.2,16.2,10.2,49,3.8,0.0,3.9
2020-02-09,25.4,28.4,22.4,57,3.7,0.0,2.7
2020-02-10,14.8,17.8,11.8,71,2.7,0.0,9.6
2020-02-11,17.2,20.2,14.2,43,2.9,0.0,11.9
2020-02-12,15.1,18.1,12.1,63,3.2,0.0,3.2
2020-02-13,18.7,21.7,15.7,39,3.0,0.0,5.9
2020-02-14,18.6,21.6,15.6,58,2.7,0.0,5.4
2020-02-15,18.6,21.6,15.6,63,3.3,0.0,9.5
2020-02-16,7.7,10.7,4.7,62,2.5,15.5,7.0
2020-02-17,10.8,13.8,7.8,56,3.6,4.5,5.3
2020-02-18,15.1,18.1,12.1,43,3.1,0.0,6.6
2020-02-19,16.1,19.1,13.1,77,2.5,0.0,7.2
2020-02-20,18.9,21.9,15.9,64,3.2,0.0,8.1
2020-02-21,13.5,16.5,10.5,66,2.7,29.7,9.4
2020-02-22,15.8,18.8,12.8,47,5.1,0.0,5.4
2020-02-23,12.8,15.8,9.8,65,2.8,0.0,7.3
2020-02-24,21.5,24.5,18.5,45,3.1,0.0,5.0
2020-02-25,20.6,23.6,17.6,40,2.8,0.0,5.7
2020-02-26,15.9,18.9,12.9,60,2.9,0.0,11.8
2020-02-27,19.2,22.2,16.2,70,3.4,0.0,10.0
2020-02-28,15.6,18.6,12.6,70,4.7,0.0,8.9
2020-02-29,12.3,15.3,9.3,48,3.0,14.5,11.7
2020-03-01,20.8,23.8,17.8,51,2.9,0.0,9.8
2020-03-02,20.9,23.9,17.9,68,2.6,0.0,9.2
2020-03-03,19.7,22.7,16.7,51,6.1,0.0,3.7
2020-03-04,22.1,25.1,19.1,46,2.8,0.0,8.2
2020-03-05,20.3,23.3,17.3,70,3.0,0.0,3.5
2020-03-06,23.3,26.3,20.3,56,5.0,0.0,2.3
2020-03-07,27.4,30.4,24.4,47,2.7,0.0,3.1
2020-03-08,28.0,31.0,25.0,46,3.0,9.8,3.5
2020-03-09,22.5,25.5,19.5,60,6.0,0.0,6.1
2020-03-10,23.2,26.2,20.2,76,2.8,0.0,11.2
2020-03-11,25.5,28.5,22.5,69,4.4,0.0,9.4
2020-03-12,24.2,27.2,21.2,61,3.7,4.6,4.1
2020-03-13,16.6,19.6,13.6,50,3.8,0.0,8.6
2020-03-14,23.9,26.9,20.9,73,2.8,0.0,5.1
2020-03-15,22.3,25.3,19.3,67,4.1,27.4,5.4
2020-03-16,20.1,23.1,17.1,48,4.6,0.0,9.7
2020-03-17,22.1,25.1,19.1,52,3.2,0.0,8.4
2020-03-18,19.5,22.5,16.5,70,2.7,0.0,8.1
2020-03-19,22.4,25.4,19.4,66,2.6,7.8,7.6
2020-03-20,23.3,26.3,20.3,46,3.0,0.0,11.7
2020-03-21,22.9,25.9,19.9,63,3.4,0.0,4.9
2020-03-22,24.2,27.2,21.2,57,3.2,0.0,9.0
2020-03-23,20.7,23.7,17.7,62,3.9,0.0,5.5
2020-03-24,18.3,21.3,15.3,47,2.6,0.0,10.0
2020-03-25,21.1,24.1,18.1,56,2.9,0.0,3.2
2020-03-26,21.2,24.2,18.2,68,3.8,0.0,5.8
2020-03-27,22.5,25.5,19.5,51,3.2,0.0,10.2
2020-03-28,26.5,29.5,23.5,54,2.7,0.0,10.0
2020-03-29,19.7,22.7,16.7,61,2.9,0.0,4.9
2020-03-30,24.2,27.2,21.2,49,3.2,0.0,5.5
2020-03-31,22.3,25.3,19.3,75,2.6,0.0,4.6
2020-04-01,29.2,32.2,26.2,61,4.8,0.0,4.0
2020-04-02,31.6,34.6,28.6,59,3.9,0.0,11.3
2020-04-03,26.2,29.2,23.2,54,2.6,0.0,3.4
2020-04-04,26.1,29.1,23.1,37,8.7,0.0,7.9
2020-04-05,32.0,35.0,29.0,49,3.7,0.0,8.7
2020-04-06,32.5,35.5,29.5,58,8.8,0.0,8.4
2020-04-07,29.3,32.3,26.3,53,3.0,12.7,9.2
2020-04-08,29.5,32.5,26.5,72,2.6,23.2,2.1
2020-04-09,31.1,34.1,28.1,47,2.7,0.0,11.3
2020-04-10,22.4,25.4,19.4,67,4.1,0.0,11.4
2020-04-11,28.9,31.9,25.9,62,3.2,0.0,6.8
2020-04-12,29.6,32.6,26.6,49,2.7,28.9,5.2
2020-04-13,24.4,27.4,21.4,52,3.6,0.0,11.1
2020-04-14,30.3,33.3,27.3,68,3.0,17.4,7.4
2020-04-15,19.3,22.3,16.3,63,3.4,0.0,11.4
2020-04-16,26.0,29.0,23.0,54,3.0,0.0,3.8
2020-04-17,24.8,27.8,21.8,50,4.7,0.0,3.8
2020-04-18,22.4,25.4,19.4,88,3.7,0.0,12.0
2020-04-19,27.9,30.9,24.9,68,2.7,0.0,7.0
2020-04-20,26.5,29.5,23.5,38,3.7,0.0,11.6
2020-04-21,27.7,30.7,24.7,40,3.7,0.0,10.8
2020-04-22,30.3,33.3,27.3,53,4.5,17.3,3.1
2020-04-23,28.4,31.4,25.4,56,2.6,0.0,4.8
2020-04-24,32.0,35.0,29.0,67,3.1,0.0,7.4
2020-04-25,26.9,29.9,23.9,56,4.4,0.0,11.4
2020-04-26,28.2,31.2,25.2,64,3.6,0.0,6.7
2020-04-27,23.1,26.1,20.1,63,3.1,3.8,3.6
2020-04-28,28.1,31.1,25.1,75,2.5,0.0,4.6
2020-04-29,29.1,32.1,26.1,41,5.1,22.2,9.9
2020-04-30,27.0,30.0,24.0,47,3.1,0.0,9.6
2020-05-01,34.2,37.2,31.2,50,3.0,38.7,11.0
2020-05-02,30.4,33.4,27.4,50,3.8,0.0,7.2
2020-05-03,32.4,35.4,29.4,42,3.7,30.299999999999997,3.8
2020-05-04,32.5,35.5,29.5,39,3.7,15.0,4.5
2020-05-05,24.5,27.5,21.5,54,3.5,0.0,4.4
2020-05-06,30.5,33.5,27.5,58,3.0,0.0,11.5
2020-05-07,28.3,31.3,25.3,55,3.3,0.0,9.2
2020-05-08,28.3,31.3,25.3,52,3.1,29.700000000000003,8.9
2020-05-09,31.2,34.2,28.2,40,2.8,6.0,5.1
2020-05-10,22.1,25.1,19.1,56,2.8,0.0,7.0
2020-05-11,28.5,31.5,25.5,60,2.6,0.0,9.0
2020-05-12,32.8,35.8,29.8,65,3.2,0.0,3.2
2020-05-13,29.9,32.9,26.9,30,3.1,0.0,5.0
2020-05-14,30.6,33.6,27.6,30,3.3,0.0,4.2
2020-05-15,34.0,37.0,31.0,63,3.0,7.5,9.5
2020-05-16,25.3,28.3,22.3,45,3.3,0.0,6.2
2020-05-17,33.6,36.6,30.6,52,3.7,0.0,6.7
2020-05-18,31.6,34.6,28.6,60,6.0,0.0,8.6
2020-05-19,31.7,34.7,28.7,55,2.7,0.0,4.5
2020-05-20,31.0,34.0,28.0,48,6.6,0.0,10.7
2020-05-21,26.5,29.5,23.5,53,3.2,20.549999999999997,9.0
2020-05-22,26.6,29.6,23.6,68,3.8,25.650000000000002,2.6
2020-05-23,27.7,30.7,24.7,44,3.0,0.0,7.1
2020-05-24,28.1,31.1,25.1,54,3.9,0.0,3.5
2020-05-25,33.3,36.3,30.3,50,5.1,0.0,7.2
2020-05-26,31.2,34.2,28.2,73,3.0,9.899999999999999,7.8
2020-05-27,24.6,27.6,21.6,60,3.5,23.4,10.1
2020-05-28,31.4,34.4,28.4,47,2.8,0.0,7.1
2020-05-29,30.8,33.8,27.8,51,3.4,0.0,2.6
2020-05-30,28.4,31.4,25.4,55,4.7,0.0,10.1
2020-05-31,27.9,30.9,24.9,59,3.2,0.0,6.0
2020-06-01,29.8,32.8,26.8,55,3.4,0.0,9.5
2020-06-02,33.8,36.8,30.8,61,2.7,0.0,2.5
2020-06-03,30.8,33.8,27.8,63,5.4,0.0,2.6
2020-06-04,31.9,34.9,28.9,46,3.4,0.0,11.3
2020-06-05,34.4,37.4,31.4,45,3.5,42.0,2.3
2020-06-06,32.1,35.1,29.1,52,3.2,0.0,9.7
2020-06-07,31.1,34.1,28.1,60,3.3,0.0,11.8
2020-06-08,35.2,38.2,32.2,45,5.2,0.0,6.2
2020-06-09,35.4,38.4,32.4,47,3.2,0.0,5.8
2020-06-10,33.9,36.9,30.9,52,3.2,0.0,11.1
2020-06-11,38.0,41.0,35.0,47,2.8,0.0,8.8
2020-06-12,33.5,36.5,30.5,51,3.6,0.0,7.4
2020-06-13,30.4,33.4,27.4,63,3.3,0.0,5.5
2020-06-14,32.1,35.1,29.1,42,3.0,24.450000000000003,7.3
2020-06-15,32.1,35.1,29.1,56,4.0,0.0,4.2
2020-06-16,33.3,36.3,30.3,61,2.5,1.7999999999999998,5.0
2020-06-17,27.8,30.8,24.8,50,2.6,0.0,7.4
2020-06-18,26.7,29.7,23.7,59,4.1,0.0,10.2
2020-06-19,32.6,35.6,29.6,55,2.7,0.0,5.5
2020-06-20,29.5,32.5,26.5,69,3.3,0.0,11.4
2020-06-21,35.6,38.6,32.6,67,3.7,0.0,3.1
2020-06-22,31.3,34.3,28.3,48,3.1,0.0,6.2
2020-06-23,29.8,32.8,26.8,50,2.6,0.0,10.8
2020-06-24,31.7,34.7,28.7,31,2.6,9.899999999999999,3.0
2020-06-25,29.7,32.7,26.7,61,3.4,27.150000000000002,9.0
2020-06-26,33.1,36.1,30.1,54,3.9,33.45,6.0
2020-06-27,35.4,38.4,32.4,55,2.7,0.0,4.2
2020-06-28,29.4,32.4,26.4,65,3.5,0.0,2.6
2020-06-29,31.3,34.3,28.3,60,2.7,0.0,4.9
2020-06-30,26.5,29.5,23.5,50,3.7,0.0,9.3
2020-07-01,31.6,34.6,28.6,58,3.3,0.0,8.0
2020-07-02,31.6,34.6,28.6,48,3.0,0.0,5.2
2020-07-03,27.2,30.2,24.2,50,4.6,0.0,3.4
2020-07-04,29.8,32.8,26.8,62,2.9,0.0,4.2
2020-07-05,35.4,38.4,32.4,58,2.6,0.0,2.6
2020-07-06,32.3,35.3,29.3,55,2.8,0.0,10.8
2020-07-07,33.4,36.4,30.4,45,2.8,0.0,8.3
2020-07-08,33.1,36.1,30.1,60,2.8,0.0,7.0
2020-07-09,33.3,36.3,30.3,59,2.9,0.0,11.4
2020-07-10,31.7,34.7,28.7,55,4.2,0.0,9.9
2020-07-11,34.8,37.8,31.8,30,2.8,0.0,6.2
2020-07-12,30.5,33.5,27.5,42,3.1,17.4,9.5
2020-07-13,32.5,35.5,29.5,54,3.4,0.0,10.5
2020-07-14,27.7,30.7,24.7,59,8.2,0.0,9.1
2020-07-15,32.0,35.0,29.0,57,3.0,0.0,11.1
2020-07-16,41.2,44.2,38.2,53,2.7,0.0,11.7
2020-07-17,32.5,35.5,29.5,57,2.7,0.0,3.3
2020-07-18,31.3,34.3,28.3,51,2.8,0.0,4.0
2020-07-19,35.1,38.1,32.1,62,2.9,0.0,11.2
2020-07-20,31.3,34.3,28.3,68,4.5,0.0,2.9
2020-07-21,32.2,35.2,29.2,58,2.5,0.0,3.9
2020-07-22,29.7,32.7,26.7,53,3.1,0.0,8.7
2020-07-23,30.4,33.4,27.4,65,4.4,0.0,10.7
2020-07-24,27.1,30.1,24.1,44,4.8,34.5,9.2
2020-07-25,34.8,37.8,31.8,49,2.8,0.0,6.8
2020-07-26,31.0,34.0,28.0,61,3.9,0.0,5.3
2020-07-27,30.6,33.6,27.6,46,4.8,0.0,2.2
2020-07-28,29.1,32.1,26.1,37,2.7,0.0,11.6
2020-07-29,28.2,31.2,25.2,62,2.9,45.0,6.8
2020-07-30,30.0,33.0,27.0,76,3.8,0.0,8.0
2020-07-31,27.7,30.7,24.7,64,3.0,0.0,11.2
2020-08-01,23.6,26.6,20.6,45,4.8,0.0,9.8
2020-08-02,22.7,25.7,19.7,64,2.9,0.0,7.3
2020-08-03,23.5,26.5,20.5,46,3.6,0.0,4.6
2020-08-04,20.1,23.1,17.1,66,2.7,0.0,7.0
2020-08-05,27.6,30.6,24.6,53,2.6,44.099999999999994,6.7
2020-08-06,24.7,27.7,21.7,72,2.6,0.0,11.1
2020-08-07,28.0,31.0,25.0,69,2.8,0.0,6.1
2020-08-08,28.9,31.9,25.9,48,3.7,0.0,4.2
2020-08-09,26.1,29.1,23.1,55,4.5,12.299999999999999,11.3
2020-08-10,24.0,27.0,21.0,52,3.2,0.0,6.2
2020-08-11,28.2,31.2,25.2,71,3.1,15.299999999999999,5.8
2020-08-12,25.4,28.4,22.4,53,4.9,0.0,7.0
2020-08-13,24.9,27.9,21.9,77,3.4,0.0,8.8
2020-08-14,29.5,32.5,26.5,63,5.0,0.0,10.2
2020-08-15,21.9,24.9,18.9,53,3.5,0.0,8.4
2020-08-16,32.2,35.2,29.2,38,3.0,0.0,3.7
2020-08-17,26.7,29.7,23.7,45,3.7,0.0,3.7
2020-08-18,26.9,29.9,23.9,71,2.7,0.0,6.9
2020-08-19,31.1,34.1,28.1,50,3.0,0.0,7.4
2020-08-20,27.2,30.2,24.2,76,2.8,0.0,2.6
2020-08-21,22.6,25.6,19.6,60,2.6,38.25,11.5
2020-08-22,25.0,28.0,22.0,95,3.7,0.0,9.6
2020-08-23,29.6,32.6,26.6,64,3.0,0.0,10.4
2020-08-24,30.3,33.3,27.3,74,3.0,0.0,9.1
2020-08-25,28.7,31.7,25.7,57,2.7,23.1,5.7
2020-08-26,23.7,26.7,20.7,48,3.5,0.0,8.7
2020-08-27,28.4,31.4,25.4,66,3.1,0.0,6.8
2020-08-28,32.7,35.7,29.7,54,3.3,0.0,2.1
2020-08-29,21.8,24.8,18.8,68,3.1,0.0,2.1
2020-08-30,26.3,29.3,23.3,50,3.7,0.0,4.7
2020-08-31,33.3,36.3,30.3,64,2.7,0.0,2.2
2020-09-01,20.7,23.7,17.7,62,2.8,0.0,8.7
2020-09-02,18.3,21.3,15.3,72,2.6,0.0,11.1
2020-09-03,20.5,23.5,17.5,69,2.6,3.3,3.5
2020-09-04,21.6,24.6,18.6,57,2.7,16.0,10.2
2020-09-05,19.9,22.9,16.9,71,4.1,0.0,6.0
2020-09-06,21.9,24.9,18.9,46,3.7,0.0,6.1
2020-09-07,25.3,28.3,22.3,74,5.1,0.0,11.9
2020-09-08,21.9,24.9,18.9,43,4.7,0.0,8.8
2020-09-09,23.9,26.9,20.9,45,2.8,0.0,8.5
2020-09-10,21.5,24.5,18.5,46,3.5,0.0,9.6
2020-09-11,19.5,22.5,16.5,50,3.5,11.7,7.5
2020-09-12,22.5,25.5,19.5,63,4.0,0.8,3.7
2020-09-13,17.9,20.9,14.9,53,3.1,0.0,6.3
2020-09-14,21.4,24.4,18.4,73,4.4,0.0,7.7
2020-09-15,19.1,22.1,16.1,57,4.5,0.0,3.0
2020-09-16,23.9,26.9,20.9,61,6.1,0.0,2.4
2020-09-17,17.2,20.2,14.2,61,2.7,0.0,10.7
2020-09-18,24.2,27.2,21.2,48,2.5,0.0,6.8
2020-09-19,22.4,25.4,19.4,53,3.5,2.7,11.3
2020-09-20,18.6,21.6,15.6,75,4.1,0.0,7.6
2020-09-21,19.1,22.1,16.1,61,4.1,27.9,5.1
2020-09-22,21.2,24.2,18.2,35,2.7,0.0,7.9
2020-09-23,20.8,23.8,17.8,66,4.0,0.0,9.1
2020-09-24,24.9,27.9,21.9,74,2.7,0.0,2.8
2020-09-25,19.8,22.8,16.8,48,4.3,7.6,10.3
2020-09-26,26.0,29.0,23.0,50,3.1,0.0,11.0
2020-09-27,23.6,26.6,20.6,54,3.5,0.0,9.6
2020-09-28,23.5,26.5,20.5,69,3.1,29.7,9.2
2020-09-29,22.8,25.8,19.8,59,3.8,0.0,11.7
2020-09-30,24.9,27.9,21.9,52,4.0,13.4,10.4
2020-10-01,15.5,18.5,12.5,71,2.8,0.0,9.7
2020-10-02,18.5,21.5,15.5,74,2.8,0.0,6.0
2020-10-03,12.3,15.3,9.3,65,4.2,0.0,2.3
2020-10-04,20.4,23.4,17.4,56,3.0,0.0,11.9
2020-10-05,15.5,18.5,12.5,72,3.1,0.0,5.6
2020-10-06,15.0,18.0,12.0,64,5.5,0.0,6.3
2020-10-07,17.9,20.9,14.9,89,4.3,0.0,8.6
2020-10-08,17.2,20.2,14.2,73,5.1,18.7,10.0
2020-10-09,11.9,14.9,8.9,75,3.1,0.0,2.8
2020-10-10,14.2,17.2,11.2,46,4.2,21.5,8.3
2020-10-11,14.9,17.9,11.9,71,2.8,0.0,5.2
2020-10-12,19.8,22.8,16.8,56,2.5,0.7,5.1
2020-10-13,17.8,20.8,14.8,59,3.5,0.0,4.7
2020-10-14,14.9,17.9,11.9,56,4.5,6.0,6.5
2020-10-15,16.1,19.1,13.1,67,3.0,0.0,6.1
2020-10-16,18.5,21.5,15.5,67,4.2,10.9,2.9
2020-10-17,19.6,22.6,16.6,61,2.9,0.0,5.2
2020-10-18,18.5,21.5,15.5,53,3.3,0.0,4.9
2020-10-19,15.5,18.5,12.5,70,3.6,0.0,2.8
2020-10-20,17.3,20.3,14.3,57,3.8,0.0,11.1
2020-10-21,13.3,16.3,10.3,58,3.3,0.0,7.7
2020-10-22,15.5,18.5,12.5,72,2.8,11.7,3.4
2020-10-23,19.1,22.1,16.1,70,2.6,0.0,6.9
2020-10-24,17.1,20.1,14.1,63,3.2,13.3,6.2
2020-10-25,19.5,22.5,16.5,58,2.8,0.0,2.8
2020-10-26,15.0,18.0,12.0,59,3.9,0.0,4.5
2020-10-27,22.0,25.0,19.0,74,2.7,0.0,7.9
2020-10-28,20.7,23.7,17.7,67,2.9,3.7,5.0
2020-10-29,15.3,18.3,12.3,74,3.9,0.0,5.3
2020-10-30,17.2,20.2,14.2,56,6.0,0.0,10.0
2020-10-31,14.9,17.9,11.9,62,4.6,0.0,5.3
2020-11-01,7.4,10.4,4.4,78,2.6,0.0,10.6
2020-11-02,13.5,16.5,10.5,70,2.8,0.0,3.4
2020-11-03,9.4,12.4,6.4,57,3.4,0.0,11.5
2020-11-04,17.2,20.2,14.2,60,3.1,0.0,5.1
2020-11-05,10.1,13.1,7.1,53,7.1,0.0,11.7
2020-11-06,14.5,17.5,11.5,57,5.2,0.0,8.9
2020-11-07,12.9,15.9,9.9,64,3.0,0.0,7.8
2020-11-08,12.7,15.7,9.7,54,4.1,0.0,5.8
2020-11-09,7.5,10.5,4.5,49,3.3,0.0,5.9
2020-11-10,16.6,19.6,13.6,64,2.9,17.1,7.9
2020-11-11,14.1,17.1,11.1,76,2.9,0.0,8.8
2020-11-12,10.5,13.5,7.5,51,3.5,0.0,11.5
2020-11-13,13.5,16.5,10.5,63,3.4,0.0,9.1
2020-11-14,15.3,18.3,12.3,58,2.5,0.0,4.9
2020-11-15,10.4,13.4,7.4,63,3.0,0.0,10.2
2020-11-16,14.5,17.5,11.5,73,3.8,0.0,6.1
2020-11-17,14.8,17.8,11.8,61,3.7,0.0,8.3
2020-11-18,8.2,11.2,5.2,48,5.0,0.0,8.6
2020-11-19,18.4,21.4,15.4,67,3.0,0.0,9.9
2020-11-20,15.5,18.5,12.5,53,3.4,29.7,6.8
2020-11-21,20.4,23.4,17.4,60,2.7,0.0,7.1
2020-11-22,12.4,15.4,9.4,71,3.0,0.0,8.9
2020-11-23,14.5,17.5,11.5,75,3.3,0.0,9.9
2020-11-24,13.5,16.5,10.5,71,3.2,0.0,11.0
2020-11-25,10.8,13.8,7.8,40,4.4,0.0,8.4
2020-11-26,17.9,20.9,14.9,76,2.9,23.2,8.6
2020-11-27,12.3,15.3,9.3,67,2.6,0.0,8.5
2020-11-28,11.5,14.5,8.5,56,2.8,29.5,8.8
2020-11-29,10.0,13.0,7.0,72,3.6,0.0,9.5
2020-11-30,15.8,18.8,12.8,62,4.5,0.0,6.3
2020-12-01,12.2,15.2,9.2,66,3.6,8.1,7.1
2020-12-02,16.3,19.3,13.3,76,2.7,0.0,7.8
2020-12-03,5.3,8.3,2.3,76,3.1,0.0,6.5
2020-12-04,8.7,11.7,5.7,66,2.9,0.0,9.7
2020-12-05,11.0,14.0,8.0,59,4.7,0.0,7.0
2020-12-06,8.6,11.6,5.6,65,3.0,0.0,2.2
2020-12-07,11.4,14.4,8.4,62,2.6,12.8,11.6
2020-12-08,16.0,19.0,13.0,59,3.4,28.2,3.4
2020-12-09,8.2,11.2,5.2,70,2.9,0.0,6.6
2020-12-10,11.8,14.8,8.8,76,4.3,0.0,6.8
2020-12-11,8.6,11.6,5.6,53,3.9,0.0,6.4
2020-12-12,10.0,13.0,7.0,72,6.1,0.0,5.2
2020-12-13,16.7,19.7,13.7,68,5.7,0.0,10.1
2020-12-14,10.9,13.9,7.9,64,3.4,25.6,8.5
2020-12-15,10.4,13.4,7.4,48,3.2,0.0,3.6
2020-12-16,11.9,14.9,8.9,57,3.1,0.0,4.4
2020-12-17,14.8,17.8,11.8,76,2.7,5.2,7.6
2020-12-18,10.0,13.0,7.0,57,2.7,0.0,4.3
2020-12-19,15.4,18.4,12.4,79,3.0,0.0,3.8
2020-12-20,13.7,16.7,10.7,60,6.0,0.0,6.3
2020-12-21,6.4,9.4,3.4,67,4.0,18.6,4.0
2020-12-22,13.1,16.1,10.1,58,4.2,0.0,5.9
2020-12-23,7.1,10.1,4.1,66,3.4,0.0,4.1
2020-12-24,7.9,10.9,4.9,62,3.1,0.0,10.1
2020-12-25,10.4,13.4,7.4,67,2.9,3.5,10.7
2020-12-26,10.3,13.3,7.3,67,5.8,10.1,6.6
2020-12-27,12.2,15.2,9.2,61,4.0,0.0,10.6
2020-12-28,9.6,12.6,6.6,93,2.5,0.0,8.4
2020-12-29,5.9,8.9,2.9,81,4.0,0.0,8.1
2020-12-30,17.0,20.0,14.0,53,2.6,0.0,5.5
2020-12-31,12.2,15.2,9.2,58,4.1,0.0,8.2
2021-01-01,17.2,20.2,14.2,80,3.6,0.0,9.1
2021-01-02,9.7,12.7,6.7,51,2.9,0.0,8.1
2021-01-03,10.9,13.9,7.9,70,2.5,4.5,3.2
2021-01-04,15.2,18.2,12.2,64,3.4,0.0,3.8
2021-01-05,15.3,18.3,12.3,73,3.2,0.0,7.1
2021-01-06,15.8,18.8,12.8,68,2.8,0.0,3.4
2021-01-07,9.9,12.9,6.9,58,3.1,0.0,3.9
2021-01-08,12.4,15.4,9.4,72,3.0,0.0,8.9
2021-01-09,13.5,16.5,10.5,75,3.3,0.0,12.0
2021-01-10,13.2,16.2,10.2,75,3.6,0.0,6.9
2021-01-11,12.9,15.9,9.9,38,5.9,9.8,6.5
2021-01-12,13.5,16.5,10.5,63,3.7,11.1,2.1
2021-01-13,18.0,21.0,15.0,53,2.5,24.5,11.6
2021-01-14,14.1,17.1,11.1,60,3.5,0.0,6.9
2021-01-15,13.4,16.4,10.4,40,4.9,0.0,6.2
2021-01-16,9.5,12.5,6.5,82,2.6,0.0,6.9
2021-01-17,9.9,12.9,6.9,39,3.2,1.4,9.6
2021-01-18,14.1,17.1,11.1,72,3.7,0.0,4.7
2021-01-19,12.3,15.3,9.3,63,5.2,0.0,3.7
2021-01-20,16.0,19.0,13.0,67,3.4,0.0,9.4
2021-01-21,12.4,15.4,9.4,54,6.1,0.0,7.5
2021-01-22,16.0,19.0,13.0,58,2.6,3.9,9.8
2021-01-23,9.7,12.7,6.7,52,2.6,0.0,5.7
2021-01-24,12.8,15.8,9.8,61,4.3,0.0,2.4
2021-01-25,12.8,15.8,9.8,60,2.5,0.0,7.5
2021-01-26,16.1,19.1,13.1,77,3.5,0.0,3.0
2021-01-27,9.6,12.6,6.6,60,3.8,0.0,9.5
2021-01-28,12.4,15.4,9.4,67,3.2,0.0,12.0
2021-01-29,11.3,14.3,8.3,59,3.8,0.0,5.5
2021-01-30,8.9,11.9,5.9,68,2.9,0.0,6.4
2021-01-31,13.0,16.0,10.0,74,3.5,0.0,9.8
2021-02-01,14.9,17.9,11.9,61,3.0,0.0,10.1
2021-02-02,12.2,15.2,9.2,71,4.4,0.0,5.5
2021-02-03,15.8,18.8,12.8,52,2.6,0.0,8.3
2021-02-04,15.5,18.5,12.5,61,2.8,4.6,4.1
2021-02-05,15.4,18.4,12.4,38,3.3,0.0,2.6
2021-02-06,17.5,20.5,14.5,44,3.2,0.0,4.8
2021-02-07,19.8,22.8,16.8,55,3.3,0.0,5.2
2021-02-08,18.2,21.2,15.2,59,4.4,0.0,4.9
2021-02-09,12.6,15.6,9.6,56,3.6,0.0,10.6
2021-02-10,17.1,20.1,14.1,63,4.6,0.0,8.8
2021-02-11,14.2,17.2,11.2,46,4.9,28.9,9.9
2021-02-12,16.2,19.2,13.2,77,3.3,0.0,11.9
2021-02-13,17.4,20.4,14.4,70,2.8,0.0,3.3
2021-02-14,19.1,22.1,16.1,33,2.6,0.0,4.5
2021-02-15,15.5,18.5,12.5,65,3.0,0.0,10.3
2021-02-16,16.6,19.6,13.6,76,4.3,0.0,8.8
2021-02-17,18.0,21.0,15.0,60,2.7,0.0,7.8
2021-02-18,14.6,17.6,11.6,70,6.7,0.0,6.1
2021-02-19,18.9,21.9,15.9,61,3.2,0.0,8.3
2021-02-20,9.3,12.3,6.3,51,2.9,0.0,2.9
2021-02-21,9.8,12.8,6.8,82,2.5,0.0,4.8
2021-02-22,14.5,17.5,11.5,56,4.5,0.0,5.7
2021-02-23,21.3,24.3,18.3,65,5.6,0.0,5.3
2021-02-24,14.1,17.1,11.1,57,3.0,23.3,9.3
2021-02-25,19.9,22.9,16.9,59,3.3,0.0,6.6
2021-02-26,20.0,23.0,17.0,51,3.2,0.0,5.6
2021-02-27,17.8,20.8,14.8,49,4.9,16.3,4.2
2021-02-28,17.9,20.9,14.9,72,3.0,0.0,4.1
2021-03-01,21.8,24.8,18.8,50,3.9,0.0,10.3
2021-03-02,18.2,21.2,15.2,54,5.2,0.0,7.8
2021-03-03,23.4,26.4,20.4,69,2.6,0.0,6.9
2021-03-04,19.3,22.3,16.3,63,4.3,0.0,8.8
2021-03-05,27.4,30.4,24.4,52,5.3,3.4,9.8
2021-03-06,23.6,26.6,20.6,51,3.7,0.0,3.2
2021-03-07,22.0,25.0,19.0,48,4.0,0.0,6.4
2021-03-08,23.3,26.3,20.3,55,2.6,28.8,4.0
2021-03-09,23.6,26.6,20.6,71,2.9,0.0,3.3
2021-03-10,24.7,27.7,21.7,65,5.2,0.0,3.6
2021-03-11,26.3,29.3,23.3,47,3.4,0.0,4.7
2021-03-12,25.0,28.0,22.0,58,2.5,0.0,4.5
2021-03-13,22.9,25.9,19.9,41,2.7,0.0,11.0
2021-03-14,22.8,25.8,19.8,66,3.1,12.2,5.1
2021-03-15,21.4,24.4,18.4,73,3.3,0.0,4.3
2021-03-16,23.3,26.3,20.3,50,3.2,0.0,9.0
2021-03-17,21.1,24.1,18.1,41,2.7,14.6,3.3
2021-03-18,22.1,25.1,19.1,70,3.5,0.0,8.8
2021-03-19,24.0,27.0,21.0,42,7.5,21.0,10.2
2021-03-20,22.3,25.3,19.3,69,7.1,0.0,6.2
2021-03-21,19.1,22.1,16.1,67,3.0,2.6,5.8
2021-03-22,18.3,21.3,15.3,48,3.9,0.0,3.0
2021-03-23,20.5,23.5,17.5,61,4.6,0.0,10.8
2021-03-24,20.3,23.3,17.3,66,3.3,23.3,9.5
2021-03-25,19.8,22.8,16.8,52,3.4,29.8,3.4
2021-03-26,21.4,24.4,18.4,66,3.2,0.0,2.1
2021-03-27,25.1,28.1,22.1,57,3.7,0.0,6.4
2021-03-28,20.8,23.8,17.8,42,3.1,0.0,8.3
2021-03-29,28.4,31.4,25.4,57,3.3,12.6,8.9
2021-03-30,22.5,25.5,19.5,52,2.5,0.0,2.9
2021-03-31,23.5,26.5,20.5,56,2.9,22.7,7.9
2021-04-01,30.0,33.0,27.0,40,3.9,0.0,11.6
2021-04-02,30.1,33.1,27.1,55,2.5,0.0,3.4
2021-04-03,26.3,29.3,23.3,66,4.3,0.0,2.8
2021-04-04,24.0,27.0,21.0,63,5.0,0.0,8.0
2021-04-05,24.6,27.6,21.6,50,4.2,0.0,9.8
2021-04-06,26.3,29.3,23.3,54,3.2,0.0,10.5
2021-04-07,26.2,29.2,23.2,59,3.3,0.0,5.0
2021-04-08,29.2,32.2,26.2,60,5.2,0.0,7.1
2021-04-09,28.9,31.9,25.9,67,3.1,0.0,5.0
2021-04-10,28.0,31.0,25.0,50,7.4,27.0,11.5
2021-04-11,34.3,37.3,31.3,52,3.7,0.0,3.1
2021-04-12,28.4,31.4,25.4,73,2.8,0.0,7.9
2021-04-13,27.4,30.4,24.4,60,2.8,0.0,11.8
2021-04-14,28.6,31.6,25.6,53,4.7,0.0,11.3
2021-04-15,25.6,28.6,22.6,56,2.5,25.9,7.7
2021-04-16,29.5,32.5,26.5,41,3.4,0.0,8.8
2021-04-17,31.2,34.2,28.2,63,2.5,0.0,11.5
2021-04-18,26.2,29.2,23.2,49,2.7,0.0,2.2
2021-04-19,27.6,30.6,24.6,50,4.2,8.2,2.4
2021-04-20,29.1,32.1,26.1,61,3.6,23.8,7.1
2021-04-21,24.3,27.3,21.3,67,7.5,0.0,7.0
2021-04-22,25.4,28.4,22.4,51,2.8,0.0,9.0
2021-04-23,28.6,31.6,25.6,68,3.2,16.3,8.2
2021-04-24,26.6,29.6,23.6,60,2.9,0.0,5.1
2021-04-25,26.8,29.8,23.8,57,5.4,0.0,4.0
2021-04-26,29.4,32.4,26.4,55,2.9,0.0,7.4
2021-04-27,26.6,29.6,23.6,75,3.5,0.0,8.3
2021-04-28,28.6,31.6,25.6,56,3.7,0.0,8.8
2021-04-29,28.1,31.1,25.1,54,2.8,21.1,9.3
2021-04-30,24.6,27.6,21.6,55,4.8,0.0,2.6
2021-05-01,27.7,30.7,24.7,47,5.0,19.950000000000003,6.5
2021-05-02,29.6,32.6,26.6,58,4.0,0.0,5.1
2021-05-03,31.2,34.2,28.2,67,3.6,0.0,9.4
2021-05-04,36.4,39.4,33.4,51,2.5,32.099999999999994,9.0
2021-05-05,27.1,30.1,24.1,55,4.2,42.900000000000006,7.2
2021-05-06,29.3,32.3,26.3,36,3.1,0.0,9.2
2021-05-07,30.3,33.3,27.3,70,4.1,6.300000000000001,9.8
2021-05-08,32.6,35.6,29.6,54,2.6,0.0,10.9
2021-05-09,27.1,30.1,24.1,73,4.2,0.0,2.3
2021-05-10,33.4,36.4,30.4,39,3.7,0.0,4.7
2021-05-11,34.5,37.5,31.5,43,3.2,32.25,7.8
2021-05-12,32.3,35.3,29.3,50,4.2,20.85,5.6
2021-05-13,35.1,38.1,32.1,35,2.8,0.0,7.7
2021-05-14,27.3,30.3,24.3,67,4.4,0.0,4.6
2021-05-15,28.2,31.2,25.2,50,3.2,26.099999999999998,9.2
2021-05-16,32.6,35.6,29.6,47,2.8,0.0,7.1
2021-05-17,32.6,35.6,29.6,71,6.8,39.0,4.4
2021-05-18,28.9,31.9,25.9,69,3.9,0.0,5.8
2021-05-19,26.2,29.2,23.2,59,3.3,42.0,10.6
2021-05-20,38.0,41.0,35.0,40,3.3,0.0,11.1
2021-05-21,30.8,33.8,27.8,60,4.4,0.0,6.2
2021-05-22,28.7,31.7,25.7,37,3.1,0.0,6.2
2021-05-23,28.3,31.3,25.3,41,3.4,0.0,4.7
2021-05-24,36.2,39.2,33.2,63,2.9,17.25,7.0
2021-05-25,33.5,36.5,30.5,38,2.6,0.0,3.8
2021-05-26,30.5,33.5,27.5,54,2.5,0.0,11.8
2021-05-27,32.9,35.9,29.9,41,2.6,0.0,2.7
2021-05-28,33.2,36.2,30.2,52,4.1,0.0,4.8
2021-05-29,32.1,35.1,29.1,52,2.9,0.0,5.3
2021-05-30,30.4,33.4,27.4,66,3.6,0.0,2.1
2021-05-31,27.5,30.5,24.5,62,2.7,0.0,7.6
2021-06-01,34.6,37.6,31.6,52,2.5,0.0,8.2
2021-06-02,38.7,41.7,35.7,47,3.7,0.0,7.9
2021-06-03,31.6,34.6,28.6,48,3.4,0.0,9.7
2021-06-04,32.8,35.8,29.8,74,2.7,40.650000000000006,9.6
2021-06-05,34.6,37.6,31.6,53,2.5,0.0,2.1
2021-06-06,30.1,33.1,27.1,57,2.5,0.0,4.3
2021-06-07,31.3,34.3,28.3,43,4.1,0.0,10.4
2021-06-08,34.5,37.5,31.5,38,3.0,0.0,11.5
2021-06-09,32.3,35.3,29.3,38,4.1,29.849999999999998,10.5
2021-06-10,32.9,35.9,29.9,56,2.9,0.0,3.0
2021-06-11,30.1,33.1,27.1,61,3.8,0.0,4.4
2021-06-12,37.9,40.9,34.9,43,3.7,0.0,2.6
2021-06-13,28.7,31.7,25.7,59,2.5,0.0,9.1
2021-06-14,32.7,35.7,29.7,43,3.4,41.55,11.0
2021-06-15,29.3,32.3,26.3,71,4.0,0.0,9.0
2021-06-16,33.2,36.2,30.2,55,3.7,0.0,11.7
2021-06-17,28.8,31.8,25.8,63,3.3,4.949999999999999,3.3
2021-06-18,37.3,40.3,34.3,57,8.3,0.0,2.7
2021-06-19,32.5,35.5,29.5,51,2.6,0.0,6.3
2021-06-20,27.5,30.5,24.5,67,3.1,0.0,4.4
2021-06-21,33.3,36.3,30.3,50,3.4,0.0,5.2
2021-06-22,32.3,35.3,29.3,60,2.6,0.0,9.0
2021-06-23,29.9,32.9,26.9,72,2.9,0.0,5.2
2021-06-24,32.7,35.7,29.7,51,2.6,0.0,2.7
2021-06-25,29.0,32.0,26.0,45,2.7,0.0,9.8
2021-06-26,31.1,34.1,28.1,55,2.9,0.0,3.6
2021-06-27,31.4,34.4,28.4,59,2.9,21.299999999999997,6.1
2021-06-28,39.8,42.8,36.8,39,4.2,0.0,11.6
2021-06-29,32.8,35.8,29.8,51,3.9,0.0,5.1
2021-06-30,30.7,33.7,27.7,57,2.5,0.0,3.2
2021-07-01,33.8,36.8,30.8,56,3.4,31.049999999999997,10.3
2021-07-02,30.6,33.6,27.6,55,3.7,0.0,2.4
2021-07-03,28.3,31.3,25.3,61,2.5,0.0,5.3
2021-07-04,35.4,38.4,32.4,35,3.7,11.7,5.6
2021-07-05,32.0,35.0,29.0,66,2.6,0.0,8.8
2021-07-06,33.8,36.8,30.8,45,4.4,0.0,11.9
2021-07-07,27.2,30.2,24.2,65,5.6,18.6,6.5
2021-07-08,27.4,30.4,24.4,55,2.6,0.0,4.5
2021-07-09,28.2,31.2,25.2,76,2.6,0.0,10.0
2021-07-10,33.1,36.1,30.1,60,3.8,1.35,10.3
2021-07-11,32.6,35.6,29.6,44,2.5,0.0,3.3
2021-07-12,28.2,31.2,25.2,40,4.3,0.0,5.7
2021-07-13,30.6,33.6,27.6,33,5.5,0.0,8.4
2021-07-14,29.4,32.4,26.4,51,4.1,0.0,4.6
2021-07-15,25.8,28.8,22.8,60,2.6,0.0,2.2
2021-07-16,26.6,29.6,23.6,48,3.2,40.650000000000006,6.4
2021-07-17,32.5,35.5,29.5,52,4.6,40.8,10.3
2021-07-18,35.4,38.4,32.4,44,2.6,0.0,2.4
2021-07-19,30.3,33.3,27.3,87,2.7,0.0,3.7
2021-07-20,34.2,37.2,31.2,70,3.6,0.0,10.2
2021-07-21,30.8,33.8,27.8,50,3.4,0.0,2.3
2021-07-22,28.8,31.8,25.8,49,2.8,0.0,3.7
2021-07-23,33.0,36.0,30.0,69,4.4,0.0,3.9
2021-07-24,32.2,35.2,29.2,51,3.9,0.0,10.8
2021-07-25,28.2,31.2,25.2,54,2.8,28.200000000000003,4.5
2021-07-26,30.4,33.4,27.4,57,2.9,0.0,6.1
2021-07-27,32.2,35.2,29.2,49,2.8,0.0,2.6
2021-07-28,28.0,31.0,25.0,38,3.1,0.0,3.4
2021-07-29,31.0,34.0,28.0,30,4.2,39.900000000000006,7.3
2021-07-30,32.2,35.2,29.2,59,2.6,0.0,10.0
2021-07-31,29.8,32.8,26.8,57,2.6,0.0,11.9
2021-08-01,30.1,33.1,27.1,56,7.0,0.0,5.6
2021-08-02,31.6,34.6,28.6,69,3.9,0.0,6.8
2021-08-03,25.1,28.1,22.1,52,3.9,0.0,7.0
2021-08-04,24.3,27.3,21.3,54,2.9,0.0,3.8
2021-08-05,28.0,31.0,25.0,55,3.7,0.0,4.2
2021-08-06,28.5,31.5,25.5,56,4.8,0.0,9.8
2021-08-07,29.7,32.7,26.7,55,3.0,44.7,7.3
2021-08-08,24.8,27.8,21.8,50,3.6,0.0,12.0
2021-08-09,33.4,36.4,30.4,53,3.7,0.0,3.0
2021-08-10,22.9,25.9,19.9,60,3.5,0.0,4.7
2021-08-11,33.5,36.5,30.5,66,2.9,0.0,11.2
2021-08-12,30.2,33.2,27.2,59,8.8,44.849999999999994,4.2
2021-08-13,27.6,30.6,24.6,68,2.7,0.0,10.0
2021-08-14,28.3,31.3,25.3,58,2.7,0.0,10.4
2021-08-15,25.0,28.0,22.0,53,3.8,0.0,3.8
2021-08-16,25.0,28.0,22.0,56,4.6,0.0,10.1
2021-08-17,21.2,24.2,18.2,66,2.9,0.0,11.1
2021-08-18,25.9,28.9,22.9,39,2.9,31.799999999999997,11.5
2021-08-19,31.5,34.5,28.5,57,3.6,0.0,7.6
2021-08-20,27.8,30.8,24.8,38,4.3,44.400000000000006,10.8
2021-08-21,33.1,36.1,30.1,62,2.7,0.0,5.1
2021-08-22,29.3,32.3,26.3,68,5.1,0.0,2.9
2021-08-23,28.6,31.6,25.6,49,2.6,0.0,4.2
2021-08-24,32.0,35.0,29.0,75,3.0,0.0,2.0
2021-08-25,22.5,25.5,19.5,60,3.9,0.0,4.0
2021-08-26,28.0,31.0,25.0,59,2.7,32.400000000000006,11.2
2021-08-27,28.4,31.4,25.4,63,3.3,0.0,5.2
2021-08-28,25.6,28.6,22.6,60,3.3,26.700000000000003,11.2
2021-08-29,28.3,31.3,25.3,63,5.2,0.0,10.5
2021-08-30,29.2,32.2,26.2,53,2.9,0.0,11.6
2021-08-31,29.7,32.7,26.7,64,2.5,0.0,11.4
2021-09-01,26.3,29.3,23.3,59,2.7,0.0,3.0
2021-09-02,29.3,32.3,26.3,52,2.7,0.0,3.4
2021-09-03,19.8,22.8,16.8,70,2.7,28.5,9.9
2021-09-04,15.8,18.8,12.8,76,5.0,0.0,8.5
2021-09-05,21.9,24.9,18.9,70,2.9,29.1,8.9
2021-09-06,18.5,21.5,15.5,52,3.3,0.0,9.9
2021-09-07,20.2,23.2,17.2,70,2.7,0.0,7.9
2021-09-08,19.7,22.7,16.7,60,3.7,9.6,8.9
2021-09-09,19.9,22.9,16.9,95,2.9,22.0,11.5
2021-09-10,21.1,24.1,18.1,69,4.6,0.0,5.9
2021-09-11,20.4,23.4,17.4,63,4.3,0.0,11.7
2021-09-12,23.0,26.0,20.0,49,3.6,18.3,11.2
2021-09-13,24.6,27.6,21.6,67,3.6,0.0,4.2
2021-09-14,23.3,26.3,20.3,73,2.8,0.0,11.4
2021-09-15,26.1,29.1,23.1,49,3.1,22.5,4.4
2021-09-16,22.9,25.9,19.9,60,3.3,0.0,3.7
2021-09-17,16.0,19.0,13.0,63,2.8,0.0,2.9
2021-09-18,17.9,20.9,14.9,59,2.6,0.0,8.4
2021-09-19,23.7,26.7,20.7,61,5.3,0.0,6.5
2021-09-20,20.4,23.4,17.4,61,3.9,0.0,4.5
2021-09-21,23.0,26.0,20.0,51,4.0,8.1,3.1
2021-09-22,24.6,27.6,21.6,69,2.8,11.9,9.3
2021-09-23,21.1,24.1,18.1,66,2.6,0.0,10.8
2021-09-24,20.4,23.4,17.4,67,4.7,0.0,5.8
2021-09-25,25.2,28.2,22.2,70,3.0,0.0,3.0
2021-09-26,20.7,23.7,17.7,49,3.4,0.0,10.6
2021-09-27,17.7,20.7,14.7,60,2.7,0.0,8.9
2021-09-28,21.4,24.4,18.4,58,3.4,2.7,10.5
2021-09-29,22.5,25.5,19.5,51,4.4,0.0,5.2
2021-09-30,18.7,21.7,15.7,57,2.7,0.0,2.7
2021-10-01,17.4,20.4,14.4,72,2.5,11.6,9.3
2021-10-02,21.0,24.0,18.0,58,3.8,0.0,11.0
2021-10-03,20.4,23.4,17.4,59,2.6,18.0,8.1
2021-10-04,19.6,22.6,16.6,66,3.3,0.0,2.3
2021-10-05,19.0,22.0,16.0,79,2.9,0.0,3.6
2021-10-06,12.2,15.2,9.2,68,3.1,0.0,3.6
2021-10-07,15.1,18.1,12.1,59,2.9,6.6,3.9
2021-10-08,16.0,19.0,13.0,72,3.9,0.0,9.2
2021-10-09,16.1,19.1,13.1,50,2.6,0.0,4.7
2021-10-10,18.0,21.0,15.0,51,3.4,0.0,4.4
2021-10-11,16.6,19.6,13.6,47,4.5,17.4,10.4
2021-10-12,15.6,18.6,12.6,64,6.4,11.1,6.3
2021-10-13,15.1,18.1,12.1,86,3.1,0.0,8.6
2021-10-14,14.5,17.5,11.5,64,5.2,0.0,4.0
2021-10-15,13.5,16.5,10.5,68,3.3,5.5,4.9
2021-10-16,21.3,24.3,18.3,72,3.4,25.4,5.1
2021-10-17,18.2,21.2,15.2,49,2.6,0.0,6.9
2021-10-18,20.2,23.2,17.2,81,3.6,0.0,2.9
2021-10-19,18.2,21.2,15.2,67,2.6,0.0,3.8
2021-10-20,21.1,24.1,18.1,59,2.9,0.0,5.7
2021-10-21,21.8,24.8,18.8,51,5.0,0.0,4.6
2021-10-22,15.1,18.1,12.1,73,2.9,0.0,4.3
2021-10-23,14.3,17.3,11.3,62,2.7,0.0,2.6
2021-10-24,17.7,20.7,14.7,73,3.5,0.0,8.7
2021-10-25,18.4,21.4,15.4,57,4.5,10.6,7.4
2021-10-26,19.6,22.6,16.6,61,4.4,0.0,7.9
2021-10-27,19.8,22.8,16.8,69,2.6,0.0,10.4
2021-10-28,16.2,19.2,13.2,61,2.5,0.0,6.2
2021-10-29,12.7,15.7,9.7,69,3.2,0.0,10.7
2021-10-30,17.1,20.1,14.1,62,2.6,0.0,10.8
2021-10-31,20.5,23.5,17.5,73,2.7,0.0,2.8
2021-11-01,12.5,15.5,9.5,65,3.2,0.0,9.1
2021-11-02,11.4,14.4,8.4,69,2.9,0.0,11.0
2021-11-03,14.8,17.8,11.8,57,2.6,0.0,8.8
2021-11-04,10.1,13.1,7.1,72,2.9,0.0,3.2
2021-11-05,20.6,23.6,17.6,54,3.6,0.0,3.7
2021-11-06,7.3,10.3,4.3,74,4.7,0.0,11.7
2021-11-07,13.1,16.1,10.1,55,4.0,0.0,3.3
2021-11-08,13.8,16.8,10.8,60,4.2,0.0,11.9
2021-11-09,11.8,14.8,8.8,54,2.8,0.0,12.0
2021-11-10,13.6,16.6,10.6,66,2.9,0.0,10.3
2021-11-11,13.7,16.7,10.7,65,2.8,0.0,11.1
2021-11-12,9.7,12.7,6.7,60,6.0,0.0,2.7
2021-11-13,16.2,19.2,13.2,62,2.9,0.0,6.0
2021-11-14,17.1,20.1,14.1,55,3.9,0.0,4.8
2021-11-15,12.5,15.5,9.5,70,3.1,0.0,10.7
2021-11-16,14.4,17.4,11.4,67,3.0,0.0,8.2
2021-11-17,11.4,14.4,8.4,71,2.8,0.0,6.2
2021-11-18,4.3,7.3,1.3,64,3.2,0.0,3.5
2021-11-19,7.4,10.4,4.4,72,2.7,0.0,9.6
2021-11-20,11.8,14.8,8.8,78,3.2,0.0,11.2
2021-11-21,15.5,18.5,12.5,65,3.7,0.0,3.0
2021-11-22,13.3,16.3,10.3,66,6.0,0.0,7.4
2021-11-23,7.7,10.7,4.7,88,2.9,0.0,6.1
2021-11-24,9.8,12.8,6.8,72,2.6,0.0,6.9
2021-11-25,16.6,19.6,13.6,40,2.8,0.0,2.4
2021-11-26,10.6,13.6,7.6,63,2.8,0.0,3.4
2021-11-27,13.6,16.6,10.6,57,3.9,0.0,8.9
2021-11-28,11.8,14.8,8.8,52,2.5,26.7,5.3
2021-11-29,14.7,17.7,11.7,68,2.6,0.0,9.5
2021-11-30,14.6,17.6,11.6,61,3.0,0.0,11.0
2021-12-01,5.5,8.5,2.5,71,3.4,24.6,5.0
2021-12-02,10.5,13.5,7.5,79,3.2,0.0,6.9
2021-12-03,10.7,13.7,7.7,83,2.5,0.0,3.0
2021-12-04,13.1,16.1,10.1,64,3.2,0.0,3.3
2021-12-05,14.0,17.0,11.0,61,8.2,0.0,6.4
2021-12-06,18.3,21.3,15.3,74,3.3,0.0,4.7
2021-12-07,10.0,13.0,7.0,82,3.6,0.0,8.5
2021-12-08,10.9,13.9,7.9,59,4.3,6.7,10.2
2021-12-09,12.3,15.3,9.3,73,2.5,0.0,9.6
2021-12-10,12.6,15.6,9.6,68,3.0,0.0,10.2
2021-12-11,7.8,10.8,4.8,85,3.1,0.0,3.6
2021-12-12,9.5,12.5,6.5,61,2.7,0.0,7.1
2021-12-13,11.6,14.6,8.6,64,3.4,25.6,10.8
2021-12-14,9.3,12.3,6.3,67,3.4,6.2,10.3
2021-12-15,10.4,13.4,7.4,63,2.9,0.0,4.5
2021-12-16,12.8,15.8,9.8,44,3.6,0.0,11.2
2021-12-17,9.5,12.5,6.5,73,2.9,0.0,4.7
2021-12-18,9.0,12.0,6.0,51,10.5,0.0,7.1
2021-12-19,9.6,12.6,6.6,82,3.0,0.0,3.2
2021-12-20,4.1,7.1,1.1,64,4.3,11.5,7.9
2021-12-21,6.5,9.5,3.5,64,4.0,26.2,7.9
2021-12-22,11.3,14.3,8.3,75,3.6,0.0,3.6
2021-12-23,12.1,15.1,9.1,57,2.5,0.0,9.5
2021-12-24,12.3,15.3,9.3,60,2.9,0.0,4.9
2021-12-25,13.4,16.4,10.4,66,2.7,0.0,3.6
2021-12-26,12.3,15.3,9.3,82,2.6,0.0,11.6
2021-12-27,15.5,18.5,12.5,78,3.2,0.0,8.5
2021-12-28,12.1,15.1,9.1,72,7.2,0.0,4.7
2021-12-29,8.9,11.9,5.9,66,3.1,0.0,2.2
2021-12-30,13.1,16.1,10.1,51,3.7,0.0,9.7
2021-12-31,9.2,12.2,6.2,65,3.1,27.4,8.5
2022-01-01,14.1,17.1,11.1,57,4.1,0.0,2.1
2022-01-02,20.8,23.8,17.8,72,5.1,0.0,10.1
2022-01-03,10.3,13.3,7.3,68,3.1,0.0,11.7
2022-01-04,17.3,20.3,14.3,71,4.5,0.0,6.2
2022-01-05,14.5,17.5,11.5,72,3.8,0.0,5.5
2022-01-06,9.0,12.0,6.0,68,4.5,0.0,6.7
2022-01-07,18.8,21.8,15.8,56,3.6,0.0,10.2
2022-01-08,10.0,13.0,7.0,57,2.9,0.0,3.0
2022-01-09,14.5,17.5,11.5,76,2.8,0.0,8.6
2022-01-10,11.7,14.7,8.7,82,3.8,0.0,5.7
2022-01-11,13.6,16.6,10.6,65,3.1,0.0,8.1
2022-01-12,14.4,17.4,11.4,59,3.1,0.0,3.1
2022-01-13,13.9,16.9,10.9,59,2.8,29.7,8.4
2022-01-14,7.9,10.9,4.9,65,3.8,0.0,4.6
2022-01-15,16.5,19.5,13.5,69,2.7,0.0,10.9
2022-01-16,10.7,13.7,7.7,64,3.9,0.0,3.5
2022-01-17,15.0,18.0,12.0,69,2.9,0.0,11.0
2022-01-18,13.6,16.6,10.6,71,3.5,0.0,10.0
2022-01-19,15.5,18.5,12.5,81,4.4,0.0,8.6
2022-01-20,15.7,18.7,12.7,64,3.4,0.0,9.2
2022-01-21,16.8,19.8,13.8,72,6.7,0.0,12.0
2022-01-22,13.0,16.0,10.0,56,2.8,0.0,6.2
2022-01-23,16.9,19.9,13.9,67,5.9,0.0,2.4
2022-01-24,17.7,20.7,14.7,59,5.0,0.0,7.7
2022-01-25,10.0,13.0,7.0,73,3.4,21.9,4.2
2022-01-26,15.8,18.8,12.8,65,2.7,0.0,9.8
2022-01-27,12.5,15.5,9.5,61,3.0,0.0,8.7
2022-01-28,18.5,21.5,15.5,76,2.8,0.0,10.5
2022-01-29,9.7,12.7,6.7,45,3.7,0.0,10.8
2022-01-30,10.0,13.0,7.0,80,3.0,3.4,3.3
2022-01-31,9.7,12.7,6.7,58,3.1,0.0,10.1
2022-02-01,20.3,23.3,17.3,68,4.0,0.0,3.8
2022-02-02,21.0,24.0,18.0,53,2.5,0.0,5.4
2022-02-03,21.3,24.3,18.3,58,3.5,11.0,9.4
2022-02-04,23.5,26.5,20.5,54,4.9,0.0,9.9
2022-02-05,21.1,24.1,18.1,62,6.4,0.0,4.6
2022-02-06,18.8,21.8,15.8,78,2.5,0.0,10.5
2022-02-07,20.1,23.1,17.1,40,4.1,0.0,10.7
2022-02-08,18.6,21.6,15.6,60,2.8,0.0,11.4
2022-02-09,15.5,18.5,12.5,78,3.2,26.7,7.0
2022-02-10,15.1,18.1,12.1,72,2.6,0.0,5.8
2022-02-11,25.0,28.0,22.0,76,4.1,0.0,2.5
2022-02-12,22.1,25.1,19.1,68,6.8,0.0,3.4
2022-02-13,17.4,20.4,14.4,64,3.2,0.0,6.1
2022-02-14,15.9,18.9,12.9,51,3.4,0.0,11.1
2022-02-15,19.5,22.5,16.5,74,3.8,0.0,5.2
2022-02-16,21.9,24.9,18.9,54,2.7,0.0,9.8
2022-02-17,16.1,19.1,13.1,59,4.7,0.0,8.3
2022-02-18,16.4,19.4,13.4,46,5.0,19.2,2.0
2022-02-19,12.9,15.9,9.9,68,2.8,0.0,9.6
2022-02-20,16.6,19.6,13.6,70,3.4,23.1,6.9
2022-02-21,10.3,13.3,7.3,58,2.8,0.0,2.9
2022-02-22,20.4,23.4,17.4,69,2.8,0.0,8.3
2022-02-23,18.4,21.4,15.4,65,5.0,0.0,11.7
2022-02-24,15.5,18.5,12.5,54,4.5,0.0,2.4
2022-02-25,15.9,18.9,12.9,70,3.0,11.5,2.1
2022-02-26,20.5,23.5,17.5,58,2.9,0.0,10.3
2022-02-27,17.8,20.8,14.8,70,3.2,20.5,8.3
2022-02-28,13.6,16.6,10.6,55,3.5,0.0,8.9
2022-03-01,24.6,27.6,21.6,57,3.2,0.0,3.3
2022-03-02,14.1,17.1,11.1,67,4.1,0.0,7.9
2022-03-03,17.1,20.1,14.1,56,4.5,24.8,5.0
2022-03-04,26.7,29.7,23.7,73,3.4,0.0,9.3
2022-03-05,19.1,22.1,16.1,72,2.5,0.0,5.4
2022-03-06,21.2,24.2,18.2,62,3.8,0.0,12.0
2022-03-07,21.4,24.4,18.4,52,2.6,0.0,11.0
2022-03-08,28.4,31.4,25.4,59,2.7,0.0,3.9
2022-03-09,23.9,26.9,20.9,56,3.1,0.0,11.2
2022-03-10,22.4,25.4,19.4,58,4.2,0.0,4.3
2022-03-11,21.6,24.6,18.6,60,2.8,0.0,3.3
2022-03-12,22.0,25.0,19.0,65,3.0,0.0,7.9
2022-03-13,16.5,19.5,13.5,50,2.9,11.3,8.5
2022-03-14,19.0,22.0,16.0,54,2.7,26.4,4.6
2022-03-15,24.0,27.0,21.0,60,3.2,0.0,2.5
2022-03-16,19.5,22.5,16.5,55,4.3,0.0,8.6
2022-03-17,21.8,24.8,18.8,61,2.8,0.0,2.2
2022-03-18,26.1,29.1,23.1,62,3.1,0.0,6.2
2022-03-19,26.2,29.2,23.2,65,5.7,0.0,7.5
2022-03-20,26.5,29.5,23.5,49,3.3,0.0,3.5
2022-03-21,27.8,30.8,24.8,55,3.0,0.0,8.3
2022-03-22,21.9,24.9,18.9,48,3.2,0.0,8.6
2022-03-23,20.6,23.6,17.6,46,2.7,0.0,4.7
2022-03-24,16.3,19.3,13.3,65,3.2,0.0,3.4
2022-03-25,23.9,26.9,20.9,70,2.9,0.0,3.0
2022-03-26,15.7,18.7,12.7,59,3.9,0.0,3.2
2022-03-27,21.1,24.1,18.1,68,3.0,3.6,4.0
2022-03-28,24.3,27.3,21.3,57,3.7,8.3,7.2
2022-03-29,19.8,22.8,16.8,54,2.8,0.0,9.0
2022-03-30,19.4,22.4,16.4,53,3.6,0.0,2.4
2022-03-31,21.2,24.2,18.2,50,3.5,0.0,4.1
2022-04-01,26.0,29.0,23.0,55,2.6,0.0,5.3
2022-04-02,25.4,28.4,22.4,59,3.0,20.3,11.1
2022-04-03,28.7,31.7,25.7,39,3.2,0.0,8.7
2022-04-04,21.1,24.1,18.1,57,2.6,3.2,7.1
2022-04-05,28.6,31.6,25.6,59,5.4,0.0,3.0
2022-04-06,29.5,32.5,26.5,47,2.6,0.0,4.3
2022-04-07,22.7,25.7,19.7,71,4.0,0.0,5.0
2022-04-08,25.9,28.9,22.9,66,3.2,0.0,3.0
2022-04-09,26.4,29.4,23.4,47,2.9,1.7,4.9
2022-04-10,28.1,31.1,25.1,46,4.7,0.0,5.1
2022-04-11,28.3,31.3,25.3,51,2.8,0.0,2.9
2022-04-12,27.6,30.6,24.6,61,4.0,0.0,2.5
2022-04-13,27.5,30.5,24.5,48,4.2,0.0,8.6
2022-04-14,31.6,34.6,28.6,63,2.6,11.0,6.4
2022-04-15,24.4,27.4,21.4,55,3.9,0.0,10.8
2022-04-16,27.8,30.8,24.8,67,2.7,24.5,3.8
2022-04-17,33.1,36.1,30.1,60,4.2,0.0,11.6
2022-04-18,23.9,26.9,20.9,56,5.3,0.0,5.9
2022-04-19,33.6,36.6,30.6,62,5.2,0.0,10.0
2022-04-20,27.4,30.4,24.4,64,2.9,0.0,10.0
2022-04-21,31.0,34.0,28.0,34,3.0,21.0,2.6
2022-04-22,26.9,29.9,23.9,67,4.2,0.0,3.6
2022-04-23,28.0,31.0,25.0,60,3.8,0.0,7.9
2022-04-24,26.0,29.0,23.0,67,2.6,0.0,8.8
2022-04-25,27.0,30.0,24.0,69,2.6,11.7,5.6
2022-04-26,29.5,32.5,26.5,65,2.7,20.7,10.4
2022-04-27,25.6,28.6,22.6,65,4.1,0.0,3.3
2022-04-28,32.3,35.3,29.3,53,3.0,0.0,3.1
2022-04-29,30.0,33.0,27.0,51,2.5,0.0,2.5
2022-04-30,27.1,30.1,24.1,58,3.1,0.0,5.1
2022-05-01,28.0,31.0,25.0,59,3.2,0.0,8.8
2022-05-02,29.2,32.2,26.2,72,3.6,0.0,7.8
2022-05-03,30.2,33.2,27.2,41,6.4,0.0,11.8
2022-05-04,32.2,35.2,29.2,42,3.4,0.0,5.4
2022-05-05,36.7,39.7,33.7,63,3.2,0.0,9.0
2022-05-06,29.5,32.5,26.5,59,3.0,30.0,4.5
2022-05-07,29.8,32.8,26.8,64,3.0,0.0,8.8
2022-05-08,36.8,39.8,33.8,46,2.8,0.0,10.4
2022-05-09,25.5,28.5,22.5,53,3.9,0.0,11.9
2022-05-10,29.2,32.2,26.2,58,3.1,29.25,3.6
2022-05-11,33.4,36.4,30.4,36,4.0,0.0,10.5
2022-05-12,31.1,34.1,28.1,57,3.6,0.0,2.7
2022-05-13,37.7,40.7,34.7,44,2.6,0.0,4.4
2022-05-14,31.0,34.0,28.0,65,2.5,0.0,2.5
2022-05-15,30.6,33.6,27.6,63,4.5,0.0,8.4
2022-05-16,31.5,34.5,28.5,58,2.6,0.0,4.3
2022-05-17,32.2,35.2,29.2,50,4.8,0.0,10.0
2022-05-18,23.8,26.8,20.8,42,2.7,0.0,10.6
2022-05-19,32.3,35.3,29.3,43,2.8,0.0,3.2
2022-05-20,30.7,33.7,27.7,53,3.2,0.0,8.5
2022-05-21,30.6,33.6,27.6,42,3.0,19.049999999999997,7.6
2022-05-22,30.8,33.8,27.8,57,2.7,4.800000000000001,8.0
2022-05-23,30.8,33.8,27.8,48,2.8,0.0,5.0
2022-05-24,27.5,30.5,24.5,48,3.6,0.0,4.1
2022-05-25,28.3,31.3,25.3,57,3.2,0.0,11.5
2022-05-26,31.2,34.2,28.2,64,5.5,0.0,2.5
2022-05-27,33.4,36.4,30.4,73,3.2,0.0,6.5
2022-05-28,28.5,31.5,25.5,58,2.5,0.0,8.2
2022-05-29,31.1,34.1,28.1,49,3.5,0.0,8.6
2022-05-30,24.8,27.8,21.8,58,3.3,0.0,3.1
2022-05-31,29.5,32.5,26.5,55,2.8,0.0,4.2
2022-06-01,34.1,37.1,31.1,49,3.4,0.0,10.3
2022-06-02,27.5,30.5,24.5,54,3.8,0.0,4.9
2022-06-03,31.4,34.4,28.4,57,2.7,0.0,9.0
2022-06-04,29.5,32.5,26.5,65,3.0,7.949999999999999,3.4
2022-06-05,35.1,38.1,32.1,49,4.0,0.0,9.2
2022-06-06,27.2,30.2,24.2,63,5.3,27.75,3.9
2022-06-07,32.6,35.6,29.6,54,3.4,0.0,5.9
2022-06-08,33.4,36.4,30.4,58,2.9,0.0,9.8
2022-06-09,35.7,38.7,32.7,39,3.3,0.0,3.1
2022-06-10,33.6,36.6,30.6,57,3.4,0.0,11.3
2022-06-11,30.3,33.3,27.3,64,2.8,0.0,7.9
2022-06-12,37.5,40.5,34.5,44,2.7,0.0,6.5
2022-06-13,29.2,32.2,26.2,72,4.1,0.0,11.6
2022-06-14,32.2,35.2,29.2,52,3.5,22.799999999999997,7.3
2022-06-15,32.4,35.4,29.4,56,4.1,42.150000000000006,10.4
2022-06-16,32.8,35.8,29.8,60,2.8,0.0,7.1
2022-06-17,33.1,36.1,30.1,59,3.1,0.0,3.8
2022-06-18,34.1,37.1,31.1,57,6.2,0.0,9.3
2022-06-19,31.6,34.6,28.6,57,3.0,17.85,8.0
2022-06-20,31.1,34.1,28.1,50,4.6,0.0,7.0
2022-06-21,35.9,38.9,32.9,37,3.6,0.0,11.8
2022-06-22,30.2,33.2,27.2,60,2.9,0.0,9.6
2022-06-23,25.8,28.8,22.8,49,6.6,0.0,11.6
2022-06-24,31.8,34.8,28.8,67,4.6,0.0,6.5
2022-06-25,35.5,38.5,32.5,46,2.8,19.049999999999997,9.0
2022-06-26,31.3,34.3,28.3,70,2.6,0.0,5.0
2022-06-27,30.0,33.0,27.0,40,3.9,0.0,10.6
2022-06-28,32.6,35.6,29.6,48,3.8,0.0,11.4
2022-06-29,35.7,38.7,32.7,59,2.7,0.0,4.0
2022-06-30,33.9,36.9,30.9,54,3.4,0.0,4.9
2022-07-01,35.0,38.0,32.0,59,2.9,0.0,8.7
2022-07-02,32.2,35.2,29.2,56,2.5,0.0,8.5
2022-07-03,29.7,32.7,26.7,59,3.1,0.0,7.0
2022-07-04,31.5,34.5,28.5,57,4.7,0.0,5.2
2022-07-05,30.4,33.4,27.4,62,3.6,16.35,6.8
2022-07-06,25.8,28.8,22.8,45,3.1,0.0,8.7
2022-07-07,30.7,33.7,27.7,72,4.2,0.0,9.5
2022-07-08,27.7,30.7,24.7,76,3.1,0.0,4.9
2022-07-09,31.2,34.2,28.2,68,4.7,0.0,10.1
2022-07-10,32.0,35.0,29.0,72,3.9,0.0,2.3
2022-07-11,30.3,33.3,27.3,47,2.8,30.450000000000003,4.0
2022-07-12,30.7,33.7,27.7,58,3.6,0.0,3.6
2022-07-13,27.8,30.8,24.8,44,2.9,0.0,4.5
2022-07-14,29.9,32.9,26.9,74,3.2,0.0,8.9
2022-07-15,34.9,37.9,31.9,57,2.6,0.0,9.5
2022-07-16,31.7,34.7,28.7,69,3.6,36.75,3.0
2022-07-17,28.0,31.0,25.0,39,2.8,0.0,9.4
2022-07-18,30.7,33.7,27.7,59,8.0,0.0,9.4
2022-07-19,26.1,29.1,23.1,56,3.2,0.0,4.4
2022-07-20,32.4,35.4,29.4,62,3.4,0.0,10.0
2022-07-21,33.4,36.4,30.4,46,3.4,0.0,8.6
2022-07-22,30.7,33.7,27.7,40,3.7,0.0,5.9
2022-07-23,25.9,28.9,22.9,57,4.6,0.0,11.8
2022-07-24,32.0,35.0,29.0,45,2.8,0.0,7.5
2022-07-25,32.2,35.2,29.2,52,2.8,11.850000000000001,8.2
2022-07-26,37.4,40.4,34.4,52,2.9,0.0,10.7
2022-07-27,29.5,32.5,26.5,57,4.4,0.0,11.1
2022-07-28,30.1,33.1,27.1,60,3.0,0.0,8.5
2022-07-29,28.9,31.9,25.9,60,2.9,0.0,7.5
2022-07-30,30.3,33.3,27.3,45,3.3,0.0,9.8
2022-07-31,28.4,31.4,25.4,75,2.6,0.0,4.9
2022-08-01,32.1,35.1,29.1,30,4.4,30.900000000000002,3.9
2022-08-02,26.0,29.0,23.0,59,2.7,23.549999999999997,5.8
2022-08-03,24.9,27.9,21.9,54,3.1,0.0,7.6
2022-08-04,27.0,30.0,24.0,60,3.9,26.549999999999997,4.6
2022-08-05,29.6,32.6,26.6,60,2.7,0.0,9.1
2022-08-06,28.5,31.5,25.5,59,2.7,7.5,5.2
2022-08-07,27.6,30.6,24.6,56,4.0,42.0,8.2
2022-08-08,28.5,31.5,25.5,39,3.0,0.0,6.9
2022-08-09,20.3,23.3,17.3,58,2.8,0.0,5.6
2022-08-10,30.3,33.3,27.3,62,4.6,0.0,5.2
2022-08-11,28.0,31.0,25.0,53,2.8,0.0,3.8
2022-08-12,29.7,32.7,26.7,54,3.1,23.1,6.2
2022-08-13,25.6,28.6,22.6,53,3.1,0.0,2.9
2022-08-14,28.1,31.1,25.1,59,3.9,0.0,4.1
2022-08-15,26.5,29.5,23.5,64,5.0,0.0,5.6
2022-08-16,27.6,30.6,24.6,52,3.8,0.0,9.5
2022-08-17,30.0,33.0,27.0,34,3.0,0.0,12.0
2022-08-18,25.1,28.1,22.1,50,2.8,0.0,11.8
2022-08-19,29.7,32.7,26.7,56,4.9,30.299999999999997,6.5
2022-08-20,24.6,27.6,21.6,49,2.6,0.0,8.1
2022-08-21,31.2,34.2,28.2,37,3.4,0.0,11.6
2022-08-22,20.9,23.9,17.9,65,3.7,0.0,5.2
2022-08-23,25.5,28.5,22.5,68,2.6,0.0,11.4
2022-08-24,24.8,27.8,21.8,53,3.1,0.0,7.4
2022-08-25,26.6,29.6,23.6,45,2.7,0.0,11.1
2022-08-26,23.3,26.3,20.3,60,2.5,0.0,5.7
2022-08-27,28.1,31.1,25.1,64,2.6,0.0,6.5
2022-08-28,30.2,33.2,27.2,71,3.1,40.5,3.9
2022-08-29,29.8,32.8,26.8,53,2.8,0.0,11.5
2022-08-30,22.0,25.0,19.0,49,4.0,43.05,7.4
2022-08-31,30.2,33.2,27.2,63,6.6,3.5999999999999996,8.7
2022-09-01,23.0,26.0,20.0,60,4.7,0.0,10.6
2022-09-02,21.4,24.4,18.4,59,2.5,0.0,3.0
2022-09-03,15.3,18.3,12.3,78,3.1,0.0,9.0
2022-09-04,24.3,27.3,21.3,56,2.9,0.0,9.8
2022-09-05,13.0,16.0,10.0,63,3.9,0.0,11.4
2022-09-06,19.0,22.0,16.0,73,2.6,0.0,3.5
2022-09-07,20.2,23.2,17.2,56,2.8,0.0,5.3
2022-09-08,24.3,27.3,21.3,44,5.6,2.1,9.9
2022-09-09,23.5,26.5,20.5,60,4.0,0.0,7.7
2022-09-10,20.2,23.2,17.2,76,2.9,0.0,4.6
2022-09-11,21.3,24.3,18.3,59,4.1,0.0,8.3
2022-09-12,22.2,25.2,19.2,73,3.7,0.0,2.2
2022-09-13,22.3,25.3,19.3,67,3.2,0.0,7.3
2022-09-14,18.9,21.9,15.9,50,4.1,0.0,8.2
2022-09-15,18.3,21.3,15.3,59,2.6,0.0,7.9
2022-09-16,14.6,17.6,11.6,44,3.6,0.0,2.7
2022-09-17,18.5,21.5,15.5,60,3.2,0.0,3.1
2022-09-18,24.5,27.5,21.5,74,3.9,0.0,5.0
2022-09-19,25.1,28.1,22.1,61,2.8,23.1,6.4
2022-09-20,24.5,27.5,21.5,65,3.0,0.0,8.6
2022-09-21,26.7,29.7,23.7,45,2.6,0.0,7.3
2022-09-22,23.7,26.7,20.7,48,2.6,12.0,10.0
2022-09-23,25.4,28.4,22.4,62,4.7,0.0,11.6
2022-09-24,24.0,27.0,21.0,53,2.7,20.5,11.1
2022-09-25,26.2,29.2,23.2,36,3.8,0.0,9.3
2022-09-26,17.2,20.2,14.2,74,4.0,0.0,11.5
2022-09-27,18.3,21.3,15.3,68,2.7,0.0,7.6
2022-09-28,19.6,22.6,16.6,81,2.7,0.6,8.0
2022-09-29,18.4,21.4,15.4,50,2.6,0.0,11.5
2022-09-30,26.7,29.7,23.7,59,3.4,0.0,9.5
2022-10-01,16.6,19.6,13.6,63,3.1,0.0,5.4
2022-10-02,21.8,24.8,18.8,69,3.7,0.0,8.5
2022-10-03,19.6,22.6,16.6,73,2.6,0.0,3.6
2022-10-04,20.3,23.3,17.3,69,7.5,0.0,10.3
2022-10-05,20.3,23.3,17.3,71,3.2,5.9,10.0
2022-10-06,18.6,21.6,15.6,74,2.6,0.0,10.5
2022-10-07,19.8,22.8,16.8,70,4.0,0.0,11.9
2022-10-08,18.0,21.0,15.0,53,2.9,0.0,7.5
2022-10-09,14.7,17.7,11.7,71,3.7,0.0,2.7
2022-10-10,14.5,17.5,11.5,66,3.6,21.9,6.9
2022-10-11,19.1,22.1,16.1,55,2.9,0.0,3.3
2022-10-12,17.4,20.4,14.4,63,2.6,0.0,3.0
2022-10-13,11.8,14.8,8.8,54,4.0,0.0,11.0
2022-10-14,22.1,25.1,19.1,51,3.4,0.0,6.5
2022-10-15,22.0,25.0,19.0,54,4.3,0.0,5.1
2022-10-16,13.8,16.8,10.8,51,3.1,0.0,7.7
2022-10-17,17.0,20.0,14.0,49,3.6,0.0,5.2
2022-10-18,23.3,26.3,20.3,58,2.6,0.0,2.0
2022-10-19,19.7,22.7,16.7,63,2.6,0.0,4.2
2022-10-20,16.1,19.1,13.1,64,3.0,0.0,6.4
2022-10-21,19.5,22.5,16.5,43,2.9,0.0,3.3
2022-10-22,12.9,15.9,9.9,78,4.5,0.0,10.8
2022-10-23,13.3,16.3,10.3,69,2.9,0.0,5.6
2022-10-24,16.0,19.0,13.0,73,3.3,0.0,7.5
2022-10-25,13.0,16.0,10.0,76,2.8,18.4,10.4
2022-10-26,12.5,15.5,9.5,62,2.8,0.0,3.4
2022-10-27,16.5,19.5,13.5,58,2.9,0.0,4.6
2022-10-28,17.3,20.3,14.3,66,4.0,0.0,2.8
2022-10-29,18.4,21.4,15.4,72,2.7,1.0,7.1
2022-10-30,19.8,22.8,16.8,37,4.4,17.7,6.1
2022-10-31,17.4,20.4,14.4,55,3.8,0.0,11.1
2022-11-01,16.2,19.2,13.2,52,3.9,0.0,7.4
2022-11-02,15.7,18.7,12.7,68,4.8,0.0,6.7
2022-11-03,11.4,14.4,8.4,72,2.6,0.0,5.7
2022-11-04,17.0,20.0,14.0,58,2.6,0.0,9.7
2022-11-05,12.4,15.4,9.4,56,2.6,0.0,4.9
2022-11-06,10.9,13.9,7.9,73,3.2,0.0,7.1
2022-11-07,11.6,14.6,8.6,56,3.2,0.0,7.0
2022-11-08,12.0,15.0,9.0,67,2.9,0.0,10.5
2022-11-09,13.0,16.0,10.0,71,5.3,0.0,8.1
2022-11-10,13.4,16.4,10.4,66,2.8,15.7,6.5
2022-11-11,11.8,14.8,8.8,68,2.8,28.5,8.6
2022-11-12,12.3,15.3,9.3,78,2.7,0.0,9.4
2022-11-13,17.2,20.2,14.2,70,2.6,0.0,5.6
2022-11-14,10.6,13.6,7.6,57,3.0,0.0,6.9
2022-11-15,15.7,18.7,12.7,72,3.6,11.4,2.4
2022-11-16,11.1,14.1,8.1,56,2.7,0.0,11.1
2022-11-17,11.1,14.1,8.1,63,3.9,0.0,6.7
2022-11-18,14.4,17.4,11.4,77,2.6,0.0,2.5
2022-11-19,15.3,18.3,12.3,53,4.3,0.0,5.2
2022-11-20,7.4,10.4,4.4,71,3.2,0.0,7.2
2022-11-21,5.8,8.8,2.8,70,5.2,0.0,10.3
2022-11-22,10.8,13.8,7.8,73,3.4,0.0,7.4
2022-11-23,10.9,13.9,7.9,69,2.9,19.8,5.7
2022-11-24,13.8,16.8,10.8,72,2.7,0.0,10.4
2022-11-25,13.5,16.5,10.5,53,3.3,0.0,5.8
2022-11-26,16.8,19.8,13.8,47,2.6,0.0,7.2
2022-11-27,13.8,16.8,10.8,52,2.6,0.0,10.7
2022-11-28,10.3,13.3,7.3,81,3.0,0.0,6.8
2022-11-29,13.3,16.3,10.3,79,3.8,0.0,7.0
2022-11-30,21.1,24.1,18.1,61,3.9,5.4,2.8
2022-12-01,16.7,19.7,13.7,76,4.1,0.0,4.1
2022-12-02,11.6,14.6,8.6,69,3.4,11.2,9.2
2022-12-03,11.3,14.3,8.3,57,3.0,7.3,10.1
2022-12-04,12.2,15.2,9.2,77,3.8,0.0,6.8
2022-12-05,11.9,14.9,8.9,60,4.8,0.0,4.1
2022-12-06,17.2,20.2,14.2,56,3.1,25.1,2.2
2022-12-07,18.0,21.0,15.0,56,2.8,17.4,3.6
2022-12-08,10.1,13.1,7.1,70,3.0,0.0,2.4
2022-12-09,15.1,18.1,12.1,67,4.1,0.0,2.6
2022-12-10,9.4,12.4,6.4,79,2.6,0.0,3.8
2022-12-11,13.3,16.3,10.3,60,4.4,0.0,8.0
2022-12-12,18.3,21.3,15.3,66,3.7,0.0,2.2
2022-12-13,15.7,18.7,12.7,69,2.9,0.0,8.6
2022-12-14,10.5,13.5,7.5,59,2.5,0.0,2.9
2022-12-15,9.9,12.9,6.9,62,2.9,0.0,11.9
2022-12-16,14.5,17.5,11.5,65,4.3,0.0,3.7
2022-12-17,10.2,13.2,7.2,61,2.7,0.0,8.0
2022-12-18,12.1,15.1,9.1,69,2.7,0.0,10.2
2022-12-19,11.0,14.0,8.0,76,4.8,20.0,4.6
2022-12-20,10.0,13.0,7.0,50,3.2,0.0,5.4
2022-12-21,7.7,10.7,4.7,70,3.0,0.0,7.9
2022-12-22,12.2,15.2,9.2,67,4.0,0.0,5.9
2022-12-23,16.7,19.7,13.7,37,3.1,6.5,10.6
2022-12-24,14.4,17.4,11.4,67,3.2,0.0,6.2
2022-12-25,5.7,8.7,2.7,65,2.7,3.3,6.8
2022-12-26,11.5,14.5,8.5,68,4.1,0.0,2.4
2022-12-27,14.7,17.7,11.7,69,5.3,0.0,7.0
2022-12-28,14.4,17.4,11.4,65,2.7,14.7,3.3
2022-12-29,15.9,18.9,12.9,68,2.8,0.0,10.3
2022-12-30,14.5,17.5,11.5,70,4.3,0.0,9.7
2022-12-31,15.4,18.4,12.4,51,2.9,0.0,7.2
2023-01-01,12.6,15.6,9.6,81,3.4,0.0,2.4
2023-01-02,9.8,12.8,6.8,62,2.7,0.0,4.3
2023-01-03,13.9,16.9,10.9,56,4.4,0.0,9.9
2023-01-04,18.4,21.4,15.4,58,2.7,0.0,7.9
2023-01-05,10.6,13.6,7.6,57,3.0,0.0,9.6
2023-01-06,11.4,14.4,8.4,52,3.8,0.0,3.0
2023-01-07,11.1,14.1,8.1,66,3.5,14.6,4.3
2023-01-08,15.6,18.6,12.6,62,2.8,0.0,4.8
2023-01-09,16.2,19.2,13.2,71,2.8,0.0,6.1
2023-01-10,13.3,16.3,10.3,73,3.6,21.4,9.9
2023-01-11,12.0,15.0,9.0,58,3.4,0.0,3.2
2023-01-12,13.3,16.3,10.3,43,3.0,19.8,8.9
2023-01-13,12.7,15.7,9.7,86,2.5,0.0,5.6
2023-01-14,10.5,13.5,7.5,83,2.9,19.7,4.5
2023-01-15,12.9,15.9,9.9,62,2.8,0.0,6.2
2023-01-16,13.0,16.0,10.0,71,2.5,0.0,4.8
2023-01-17,9.6,12.6,6.6,69,3.2,0.0,9.5
2023-01-18,16.9,19.9,13.9,56,2.9,0.0,9.8
2023-01-19,18.6,21.6,15.6,57,3.1,0.0,5.7
2023-01-20,15.2,18.2,12.2,74,3.0,0.0,4.5
2023-01-21,14.9,17.9,11.9,63,3.6,0.0,5.4
2023-01-22,16.0,19.0,13.0,62,2.9,0.0,9.4
2023-01-23,13.0,16.0,10.0,73,2.6,0.0,8.6
2023-01-24,12.3,15.3,9.3,69,2.5,0.0,6.5
2023-01-25,14.5,17.5,11.5,54,6.3,0.0,3.6
2023-01-26,13.0,16.0,10.0,54,2.7,0.0,6.0
2023-01-27,11.8,14.8,8.8,67,2.8,0.0,7.5
2023-01-28,14.1,17.1,11.1,49,4.6,0.0,9.1
2023-01-29,11.2,14.2,8.2,65,3.3,29.0,2.1
2023-01-30,12.2,15.2,9.2,67,2.6,4.8,11.3
2023-01-31,15.1,18.1,12.1,55,3.4,0.0,2.6
2023-02-01,12.1,15.1,9.1,67,2.9,0.0,2.8
2023-02-02,17.5,20.5,14.5,70,2.6,11.8,11.8
2023-02-03,18.9,21.9,15.9,60,3.0,0.0,7.2
2023-02-04,15.8,18.8,12.8,68,3.3,0.0,8.0
2023-02-05,23.7,26.7,20.7,56,2.5,0.0,10.2
2023-02-06,14.4,17.4,11.4,53,2.6,0.0,6.4
2023-02-07,14.2,17.2,11.2,51,6.0,0.0,8.6
2023-02-08,14.6,17.6,11.6,81,6.9,0.0,4.9
2023-02-09,16.8,19.8,13.8,50,3.5,18.2,7.2
2023-02-10,17.3,20.3,14.3,59,2.6,0.0,3.7
2023-02-11,16.6,19.6,13.6,60,5.1,7.6,2.0
2023-02-12,20.3,23.3,17.3,73,3.3,29.9,9.8
2023-02-13,19.6,22.6,16.6,45,3.0,0.0,6.0
2023-02-14,18.3,21.3,15.3,53,2.6,0.0,7.2
2023-02-15,18.5,21.5,15.5,56,3.6,0.0,2.7
2023-02-16,13.6,16.6,10.6,82,3.0,8.9,10.3
2023-02-17,20.3,23.3,17.3,69,3.2,0.0,5.5
2023-02-18,20.7,23.7,17.7,56,3.3,0.0,4.8
2023-02-19,15.0,18.0,12.0,63,3.4,0.0,3.9
2023-02-20,17.5,20.5,14.5,64,4.0,0.0,7.7
2023-02-21,15.7,18.7,12.7,52,2.8,0.0,6.1
2023-02-22,19.3,22.3,16.3,43,3.0,2.6,4.9
2023-02-23,11.3,14.3,8.3,83,2.8,0.0,10.0
2023-02-24,17.9,20.9,14.9,74,2.8,0.0,10.8
2023-02-25,16.2,19.2,13.2,63,7.6,0.0,7.7
2023-02-26,18.7,21.7,15.7,52,2.7,0.0,11.7
2023-02-27,14.5,17.5,11.5,64,4.0,0.0,9.7
2023-02-28,14.6,17.6,11.6,64,4.4,0.0,11.6
2023-03-01,24.4,27.4,21.4,59,5.0,0.0,6.6
2023-03-02,17.2,20.2,14.2,61,4.0,0.0,2.3
2023-03-03,24.7,27.7,21.7,48,4.3,2.5,8.3
2023-03-04,19.9,22.9,16.9,69,3.0,0.0,8.8
2023-03-05,21.2,24.2,18.2,33,2.7,0.0,5.2
2023-03-06,24.0,27.0,21.0,30,3.3,0.0,7.2
2023-03-07,22.2,25.2,19.2,72,2.8,25.0,4.5
2023-03-08,25.3,28.3,22.3,63,2.9,20.4,10.2
2023-03-09,19.1,22.1,16.1,64,2.9,28.0,6.8
2023-03-10,27.2,30.2,24.2,63,4.4,0.0,10.9
2023-03-11,22.0,25.0,19.0,65,3.3,0.0,11.5
2023-03-12,19.8,22.8,16.8,59,3.0,0.0,11.1
2023-03-13,23.8,26.8,20.8,64,4.7,0.0,4.0
2023-03-14,22.1,25.1,19.1,52,2.6,0.0,10.7
2023-03-15,22.1,25.1,19.1,59,3.2,0.0,4.0
2023-03-16,27.3,30.3,24.3,48,2.6,0.0,8.2
2023-03-17,20.6,23.6,17.6,58,3.6,3.6,11.2
2023-03-18,22.7,25.7,19.7,70,3.2,0.0,8.6
2023-03-19,25.7,28.7,22.7,54,2.7,0.0,9.6
2023-03-20,19.3,22.3,16.3,72,3.7,0.0,2.4
2023-03-21,20.3,23.3,17.3,67,4.0,0.0,8.2
2023-03-22,20.1,23.1,17.1,67,2.5,0.0,11.9
2023-03-23,20.2,23.2,17.2,54,2.6,0.0,10.7
2023-03-24,19.7,22.7,16.7,75,4.7,0.0,11.8
2023-03-25,21.1,24.1,18.1,43,3.5,0.0,4.8
2023-03-26,22.2,25.2,19.2,69,3.0,0.0,7.8
2023-03-27,20.8,23.8,17.8,67,2.6,24.1,6.8
2023-03-28,26.3,29.3,23.3,54,2.5,0.0,7.0
2023-03-29,27.2,30.2,24.2,72,5.1,0.0,8.9
2023-03-30,19.0,22.0,16.0,51,3.1,29.3,9.0
2023-03-31,26.0,29.0,23.0,49,3.5,0.0,8.9
2023-04-01,29.1,32.1,26.1,61,5.1,6.7,7.8
2023-04-02,27.9,30.9,24.9,56,2.7,0.0,8.1
2023-04-03,27.9,30.9,24.9,74,4.2,0.0,7.5
2023-04-04,31.5,34.5,28.5,53,5.2,0.0,6.7
2023-04-05,29.6,32.6,26.6,63,2.6,0.0,5.7
2023-04-06,28.7,31.7,25.7,74,3.0,0.0,4.1
2023-04-07,26.6,29.6,23.6,52,3.2,0.0,5.7
2023-04-08,25.3,28.3,22.3,52,3.2,0.0,4.8
2023-04-09,22.6,25.6,19.6,64,3.4,4.4,7.8
2023-04-10,26.8,29.8,23.8,66,4.4,0.0,3.0
2023-04-11,26.8,29.8,23.8,47,3.4,0.0,4.4
2023-04-12,21.6,24.6,18.6,51,3.5,0.0,5.8
2023-04-13,27.5,30.5,24.5,55,2.6,28.8,3.5
2023-04-14,24.7,27.7,21.7,50,8.1,0.0,3.8
2023-04-15,28.1,31.1,25.1,64,3.0,0.0,12.0
2023-04-16,32.7,35.7,29.7,37,5.9,0.0,7.2
2023-04-17,26.9,29.9,23.9,60,4.4,0.0,9.9
2023-04-18,24.2,27.2,21.2,43,2.7,0.0,7.6
2023-04-19,28.8,31.8,25.8,44,3.2,0.0,6.0
2023-04-20,25.5,28.5,22.5,43,3.0,0.0,2.6
2023-04-21,29.3,32.3,26.3,53,2.9,0.0,6.8
2023-04-22,27.5,30.5,24.5,57,3.0,0.0,6.5
2023-04-23,23.5,26.5,20.5,69,2.8,0.0,5.6
2023-04-24,28.0,31.0,25.0,57,3.1,0.0,11.3
2023-04-25,25.2,28.2,22.2,43,3.5,0.0,2.2
2023-04-26,24.2,27.2,21.2,58,7.6,26.1,11.6
2023-04-27,25.8,28.8,22.8,73,3.5,17.5,8.5
2023-04-28,27.0,30.0,24.0,48,5.2,23.5,5.6
2023-04-29,26.1,29.1,23.1,64,3.3,0.0,6.9
2023-04-30,23.9,26.9,20.9,71,2.6,0.0,10.9
2023-05-01,38.2,41.2,35.2,52,2.5,0.0,4.9
2023-05-02,30.5,33.5,27.5,54,2.9,0.0,3.4
2023-05-03,25.2,28.2,22.2,61,2.8,36.45,5.4
2023-05-04,32.5,35.5,29.5,54,3.5,0.0,7.7
2023-05-05,29.1,32.1,26.1,72,2.5,0.0,2.7
2023-05-06,34.5,37.5,31.5,67,2.6,10.8,5.2
2023-05-07,33.2,36.2,30.2,53,2.7,0.0,4.7
2023-05-08,24.4,27.4,21.4,37,4.2,0.0,4.7
2023-05-09,32.3,35.3,29.3,61,3.0,0.0,10.6
2023-05-10,30.0,33.0,27.0,49,3.6,0.0,7.9
2023-05-11,37.0,40.0,34.0,44,3.3,0.0,6.1
2023-05-12,30.3,33.3,27.3,43,3.3,1.7999999999999998,9.3
2023-05-13,30.2,33.2,27.2,60,6.4,0.0,11.4
2023-05-14,25.9,28.9,22.9,60,2.7,0.0,2.8
2023-05-15,30.2,33.2,27.2,44,2.5,5.25,2.6
2023-05-16,31.4,34.4,28.4,54,3.6,0.0,7.5
2023-05-17,29.3,32.3,26.3,59,3.1,18.299999999999997,9.6
2023-05-18,32.4,35.4,29.4,51,2.7,12.299999999999999,3.6
2023-05-19,37.6,40.6,34.6,40,3.2,0.0,10.9
2023-05-20,29.1,32.1,26.1,62,3.0,0.0,4.5
2023-05-21,31.1,34.1,28.1,69,3.0,0.0,8.3
2023-05-22,30.9,33.9,27.9,58,4.4,37.8,2.3
2023-05-23,25.9,28.9,22.9,58,2.5,0.0,10.6
2023-05-24,30.4,33.4,27.4,77,4.0,0.0,6.8
2023-05-25,22.4,25.4,19.4,63,2.8,0.0,7.4
2023-05-26,33.9,36.9,30.9,52,2.5,0.0,6.4
2023-05-27,25.6,28.6,22.6,67,2.8,0.0,9.0
2023-05-28,28.6,31.6,25.6,55,3.8,27.150000000000002,8.3
2023-05-29,27.1,30.1,24.1,51,3.3,0.0,7.6
2023-05-30,35.3,38.3,32.3,52,3.8,0.0,8.4
2023-05-31,30.2,33.2,27.2,57,4.5,0.0,5.5
2023-06-01,33.0,36.0,30.0,52,2.8,0.0,10.0
2023-06-02,32.5,35.5,29.5,54,3.2,0.0,5.7
2023-06-03,37.5,40.5,34.5,56,6.0,0.0,5.0
2023-06-04,30.0,33.0,27.0,62,2.9,36.900000000000006,10.5
2023-06-05,32.8,35.8,29.8,46,2.7,0.0,6.7
2023-06-06,33.5,36.5,30.5,50,2.9,41.55,11.5
2023-06-07,26.0,29.0,23.0,70,2.6,0.0,2.1
2023-06-08,28.5,31.5,25.5,38,4.8,0.0,4.9
2023-06-09,28.9,31.9,25.9,40,4.0,0.0,2.1
2023-06-10,34.2,37.2,31.2,59,5.6,0.0,6.1
2023-06-11,30.8,33.8,27.8,68,4.2,0.0,5.9
2023-06-12,26.6,29.6,23.6,57,2.9,33.3,5.9
2023-06-13,30.5,33.5,27.5,51,2.7,0.0,4.6
2023-06-14,32.4,35.4,29.4,61,4.3,0.0,4.4
2023-06-15,29.7,32.7,26.7,55,2.7,0.0,11.1
2023-06-16,31.4,34.4,28.4,53,2.9,0.0,8.8
2023-06-17,29.7,32.7,26.7,47,3.7,0.0,9.4
2023-06-18,31.0,34.0,28.0,65,4.6,0.0,6.1
2023-06-19,28.7,31.7,25.7,50,2.9,0.0,3.8
2023-06-20,27.2,30.2,24.2,70,3.6,0.0,8.4
2023-06-21,34.3,37.3,31.3,43,2.9,0.0,4.7
2023-06-22,38.6,41.6,35.6,34,3.7,0.0,3.9
2023-06-23,33.9,36.9,30.9,48,3.8,3.0,7.3
2023-06-24,30.3,33.3,27.3,75,2.7,5.25,4.7
2023-06-25,28.2,31.2,25.2,57,3.1,0.0,9.3
2023-06-26,36.8,39.8,33.8,45,2.7,0.0,3.5
2023-06-27,30.4,33.4,27.4,65,3.1,0.0,5.4
2023-06-28,33.8,36.8,30.8,66,2.9,0.0,10.0
2023-06-29,27.4,30.4,24.4,47,3.4,0.0,6.6
2023-06-30,35.7,38.7,32.7,43,3.4,0.0,5.3
2023-07-01,29.3,32.3,26.3,47,2.8,0.0,11.5
2023-07-02,31.7,34.7,28.7,30,3.2,35.099999999999994,2.7
2023-07-03,28.5,31.5,25.5,62,5.4,0.0,3.9
2023-07-04,26.8,29.8,23.8,46,3.7,0.0,10.2
2023-07-05,29.2,32.2,26.2,67,3.9,0.0,3.2
2023-07-06,31.6,34.6,28.6,58,2.5,0.0,4.5
2023-07-07,32.2,35.2,29.2,60,3.6,0.0,6.4
2023-07-08,28.5,31.5,25.5,55,3.1,0.0,2.3
2023-07-09,30.5,33.5,27.5,54,3.4,0.0,9.7
2023-07-10,34.0,37.0,31.0,42,4.2,0.0,11.8
2023-07-11,33.3,36.3,30.3,52,2.6,0.0,8.8
2023-07-12,31.6,34.6,28.6,58,2.9,0.0,5.2
2023-07-13,27.5,30.5,24.5,45,4.2,0.0,2.4
2023-07-14,29.2,32.2,26.2,65,3.4,0.0,7.2
2023-07-15,30.4,33.4,27.4,44,9.2,0.0,8.4
2023-07-16,29.1,32.1,26.1,50,2.5,40.05,10.6
2023-07-17,33.2,36.2,30.2,67,2.7,0.0,3.1
2023-07-18,28.7,31.7,25.7,65,2.6,0.0,5.2
2023-07-19,28.1,31.1,25.1,54,2.8,12.899999999999999,3.2
2023-07-20,33.7,36.7,30.7,49,4.1,0.0,2.1
2023-07-21,35.8,38.8,32.8,48,3.3,35.400000000000006,6.8
2023-07-22,34.4,37.4,31.4,44,3.7,0.0,5.7
2023-07-23,35.1,38.1,32.1,67,3.6,7.800000000000001,2.9
2023-07-24,33.6,36.6,30.6,50,2.7,0.0,11.3
2023-07-25,29.7,32.7,26.7,63,2.6,0.0,8.3
2023-07-26,25.7,28.7,22.7,71,4.2,29.25,9.0
2023-07-27,36.2,39.2,33.2,44,2.9,0.0,3.3
2023-07-28,29.2,32.2,26.2,43,3.4,0.0,11.8
2023-07-29,33.4,36.4,30.4,72,6.9,0.0,9.6
2023-07-30,32.0,35.0,29.0,56,2.6,0.0,6.4
2023-07-31,30.2,33.2,27.2,51,2.6,31.200000000000003,5.6
2023-08-01,32.9,35.9,29.9,80,3.4,40.5,6.9
2023-08-02,23.3,26.3,20.3,50,2.7,0.0,4.9
2023-08-03,33.5,36.5,30.5,71,2.8,0.0,3.9
2023-08-04,30.0,33.0,27.0,64,2.5,16.200000000000003,9.3
2023-08-05,29.7,32.7,26.7,53,3.2,0.0,10.3
2023-08-06,23.2,26.2,20.2,51,2.8,0.0,7.5
2023-08-07,26.2,29.2,23.2,52,2.5,7.6499999999999995,5.0
2023-08-08,29.0,32.0,26.0,38,3.0,0.0,5.7
2023-08-09,24.0,27.0,21.0,48,4.1,28.950000000000003,5.8
2023-08-10,26.9,29.9,23.9,58,2.5,1.6500000000000001,10.6
2023-08-11,31.4,34.4,28.4,57,3.7,0.0,4.4
2023-08-12,26.6,29.6,23.6,71,2.9,0.0,8.6
2023-08-13,30.5,33.5,27.5,94,3.4,0.0,5.9
2023-08-14,28.6,31.6,25.6,45,3.1,0.0,7.0
2023-08-15,22.9,25.9,19.9,65,3.1,0.0,8.1
2023-08-16,28.1,31.1,25.1,53,3.2,0.0,8.4
2023-08-17,23.8,26.8,20.8,65,7.1,23.85,2.7
2023-08-18,21.5,24.5,18.5,62,3.6,0.0,3.3
2023-08-19,29.4,32.4,26.4,50,2.9,0.0,4.0
2023-08-20,27.0,30.0,24.0,57,4.4,0.0,3.0
2023-08-21,26.4,29.4,23.4,51,3.8,0.0,10.4
2023-08-22,23.7,26.7,20.7,64,2.9,0.0,7.3
2023-08-23,29.1,32.1,26.1,41,2.9,0.0,4.6
2023-08-24,24.0,27.0,21.0,51,3.0,0.0,8.1
2023-08-25,21.2,24.2,18.2,48,2.8,41.849999999999994,4.1
2023-08-26,31.3,34.3,28.3,65,3.1,0.0,10.9
2023-08-27,26.9,29.9,23.9,60,3.5,36.150000000000006,2.6
2023-08-28,21.2,24.2,18.2,54,2.6,0.0,11.4
2023-08-29,31.0,34.0,28.0,53,2.5,0.0,5.7
2023-08-30,29.9,32.9,26.9,57,2.7,0.0,10.2
2023-08-31,28.7,31.7,25.7,49,2.8,0.0,2.4
2023-09-01,20.6,23.6,17.6,48,3.0,9.5,11.4
2023-09-02,22.9,25.9,19.9,68,3.0,0.0,3.0
2023-09-03,23.8,26.8,20.8,59,2.6,0.0,7.3
2023-09-04,21.3,24.3,18.3,48,2.6,16.0,4.5
2023-09-05,20.2,23.2,17.2,62,2.6,0.0,3.8
2023-09-06,23.8,26.8,20.8,58,3.1,0.0,6.2
2023-09-07,15.2,18.2,12.2,68,3.0,19.3,5.6
2023-09-08,22.2,25.2,19.2,45,3.1,0.0,8.7
2023-09-09,19.8,22.8,16.8,55,2.9,0.0,3.7
2023-09-10,19.9,22.9,16.9,60,2.7,12.3,5.4
2023-09-11,22.2,25.2,19.2,65,2.6,30.0,6.4
2023-09-12,20.9,23.9,17.9,61,3.8,0.0,5.2
2023-09-13,24.3,27.3,21.3,70,3.8,0.0,5.2
2023-09-14,22.7,25.7,19.7,54,2.6,0.0,9.6
2023-09-15,23.4,26.4,20.4,57,3.2,0.0,9.3
2023-09-16,19.8,22.8,16.8,60,3.5,0.0,7.6
2023-09-17,24.6,27.6,21.6,49,2.7,0.0,9.7
2023-09-18,21.7,24.7,18.7,55,6.4,0.0,4.5
2023-09-19,19.5,22.5,16.5,71,3.8,0.0,6.5
2023-09-20,21.4,24.4,18.4,45,2.8,0.0,9.3
2023-09-21,26.6,29.6,23.6,54,3.9,0.0,8.0
2023-09-22,24.4,27.4,21.4,58,2.8,0.0,11.9
2023-09-23,23.8,26.8,20.8,44,3.5,0.0,5.0
2023-09-24,22.4,25.4,19.4,54,3.0,0.0,10.6
2023-09-25,24.3,27.3,21.3,64,3.3,24.7,8.9
2023-09-26,19.5,22.5,16.5,69,3.1,0.0,7.5
2023-09-27,20.0,23.0,17.0,53,3.3,0.0,11.3
2023-09-28,22.4,25.4,19.4,64,2.9,1.6,5.6
2023-09-29,26.0,29.0,23.0,72,3.4,11.3,7.8
2023-09-30,23.2,26.2,20.2,48,3.1,0.0,10.1
2023-10-01,17.1,20.1,14.1,58,7.0,12.3,11.2
2023-10-02,17.8,20.8,14.8,60,2.6,0.0,9.2
2023-10-03,15.3,18.3,12.3,66,2.8,0.0,3.7
2023-10-04,22.8,25.8,19.8,73,4.0,0.0,8.9
2023-10-05,21.2,24.2,18.2,77,4.9,0.0,11.1
2023-10-06,12.5,15.5,9.5,61,2.7,0.0,5.0
2023-10-07,21.7,24.7,18.7,52,2.5,0.0,7.8
2023-10-08,12.5,15.5,9.5,69,2.7,2.1,9.7
2023-10-09,21.3,24.3,18.3,64,2.9,0.0,10.2
2023-10-10,14.4,17.4,11.4,65,5.2,0.0,10.7
2023-10-11,17.1,20.1,14.1,58,2.6,0.0,4.3
2023-10-12,17.5,20.5,14.5,64,6.1,0.0,8.0
2023-10-13,18.5,21.5,15.5,85,3.2,23.4,5.8
2023-10-14,15.1,18.1,12.1,39,3.5,0.0,2.4
2023-10-15,17.4,20.4,14.4,68,4.4,0.0,3.5
2023-10-16,17.2,20.2,14.2,73,2.9,0.0,4.2
2023-10-17,14.6,17.6,11.6,83,2.6,22.1,5.9
2023-10-18,17.3,20.3,14.3,59,4.3,0.0,8.0
2023-10-19,19.7,22.7,16.7,79,3.7,0.0,4.2
2023-10-20,14.4,17.4,11.4,61,5.8,0.0,5.9
2023-10-21,22.6,25.6,19.6,51,3.3,2.9,7.7
2023-10-22,15.6,18.6,12.6,66,6.5,12.3,2.9
2023-10-23,16.4,19.4,13.4,79,3.4,0.0,9.7
2023-10-24,17.4,20.4,14.4,52,2.6,4.5,7.6
2023-10-25,23.4,26.4,20.4,77,4.6,0.0,8.5
2023-10-26,14.2,17.2,11.2,71,4.7,18.7,9.4
2023-10-27,22.7,25.7,19.7,72,2.7,0.0,2.7
2023-10-28,19.3,22.3,16.3,56,3.2,0.0,5.2
2023-10-29,18.4,21.4,15.4,51,3.7,0.0,2.9
2023-10-30,15.7,18.7,12.7,49,2.7,0.0,6.2
2023-10-31,15.7,18.7,12.7,50,5.8,0.0,5.2
2023-11-01,11.1,14.1,8.1,76,5.5,0.0,2.2
2023-11-02,11.4,14.4,8.4,85,3.1,0.0,11.9
2023-11-03,9.0,12.0,6.0,61,3.0,0.0,11.9
2023-11-04,20.1,23.1,17.1,82,3.9,0.0,3.5
2023-11-05,17.4,20.4,14.4,52,3.4,24.6,4.0
2023-11-06,13.0,16.0,10.0,68,4.8,0.0,9.6
2023-11-07,14.8,17.8,11.8,74,3.6,0.0,3.1
2023-11-08,13.8,16.8,10.8,54,2.9,28.5,11.3
2023-11-09,19.2,22.2,16.2,48,4.9,0.0,10.2
2023-11-10,14.2,17.2,11.2,63,3.4,21.0,3.1
2023-11-11,12.2,15.2,9.2,60,3.8,0.0,2.2
2023-11-12,13.3,16.3,10.3,57,2.7,0.0,7.4
2023-11-13,18.0,21.0,15.0,57,3.1,0.0,7.2
2023-11-14,11.8,14.8,8.8,57,3.0,0.0,6.8
2023-11-15,13.8,16.8,10.8,56,3.4,0.0,3.4
2023-11-16,12.9,15.9,9.9,57,3.0,0.0,2.2
2023-11-17,15.4,18.4,12.4,43,2.9,0.0,8.6
2023-11-18,17.3,20.3,14.3,58,2.7,5.5,4.8
2023-11-19,13.7,16.7,10.7,87,2.9,0.0,8.2
2023-11-20,14.5,17.5,11.5,80,3.1,19.8,2.1
2023-11-21,16.5,19.5,13.5,68,6.1,0.0,4.7
2023-11-22,16.1,19.1,13.1,65,2.5,0.0,8.6
2023-11-23,8.9,11.9,5.9,67,2.6,0.0,2.2
2023-11-24,18.3,21.3,15.3,63,3.0,0.0,8.5
2023-11-25,13.0,16.0,10.0,84,3.1,0.0,5.8
2023-11-26,10.8,13.8,7.8,50,2.9,0.0,3.0
2023-11-27,10.9,13.9,7.9,68,2.6,0.0,10.7
2023-11-28,15.1,18.1,12.1,83,3.1,0.0,3.9
2023-11-29,12.5,15.5,9.5,53,4.1,0.0,6.6
2023-11-30,14.3,17.3,11.3,69,2.6,0.0,2.2
2023-12-01,8.5,11.5,5.5,73,2.9,0.0,7.3
2023-12-02,13.8,16.8,10.8,57,3.5,0.0,5.9
2023-12-03,16.8,19.8,13.8,72,2.8,10.7,5.5
2023-12-04,18.2,21.2,15.2,52,3.5,0.0,4.4
2023-12-05,10.0,13.0,7.0,74,4.0,0.0,7.0
2023-12-06,17.7,20.7,14.7,54,3.1,0.0,8.3
2023-12-07,14.4,17.4,11.4,81,2.7,0.0,10.9
2023-12-08,10.9,13.9,7.9,61,6.3,0.0,2.3
2023-12-09,9.1,12.1,6.1,74,3.4,0.0,4.8
2023-12-10,15.6,18.6,12.6,63,3.8,27.0,8.6
2023-12-11,10.6,13.6,7.6,70,3.5,11.8,11.6
2023-12-12,15.5,18.5,12.5,65,3.0,0.0,8.3
2023-12-13,12.5,15.5,9.5,67,3.4,0.0,4.4
2023-12-14,8.9,11.9,5.9,73,4.5,29.1,11.1
2023-12-15,18.3,21.3,15.3,38,3.9,0.0,7.4
2023-12-16,13.9,16.9,10.9,75,5.3,0.0,3.4
2023-12-17,13.7,16.7,10.7,72,3.6,0.0,10.0
2023-12-18,11.1,14.1,8.1,59,2.5,0.0,5.1
2023-12-19,11.5,14.5,8.5,53,2.7,0.0,7.2
2023-12-20,11.7,14.7,8.7,63,4.2,29.9,11.8
2023-12-21,7.5,10.5,4.5,61,3.9,28.0,11.2
2023-12-22,14.8,17.8,11.8,56,3.3,0.0,7.6
2023-12-23,10.0,13.0,7.0,74,3.2,0.0,3.2
2023-12-24,14.0,17.0,11.0,64,2.8,0.0,10.8
2023-12-25,14.6,17.6,11.6,70,3.4,0.0,9.7
2023-12-26,9.8,12.8,6.8,59,4.5,0.0,6.1
2023-12-27,9.3,12.3,6.3,72,3.5,0.0,6.4
2023-12-28,8.4,11.4,5.4,64,3.3,0.0,10.9
2023-12-29,10.5,13.5,7.5,62,3.1,0.0,4.7
2023-12-30,10.3,13.3,7.3,66,3.0,0.0,3.1
2023-12-31,13.5,16.5,10.5,58,3.1,23.0,8.1
